open,high,low,close,adjusted_close,volume,dividend_amount
243.74,256.52,243.64,249.2,249.2,16977083,1.68
232.86,245.69,232.07,245.55,243.9057,20198202,0.0
238.065,249.34,224.4401,232.41,230.8537,39218052,0.0
239.77,243.2999,235.89,238.81,237.2108,16190928,0.0
219.24,237.58,214.5,235.48,233.9031,31932696,0.0
242.74,252.79,226.88,227.48,225.9567,28005665,0.0
247.31,254.32,242.07,244.0,242.3661,18354282,0.0
249.25,254.63,237.224,243.87,242.2369,27866866,0.0
261.56,266.45,241.68,248.35,246.6869,25513710,0.0
254.735,261.96,245.1823,261.54,259.7886,22284160,0.0
261.5,263.845,246.54,252.44,250.7496,25541761,0.0
261.93,265.09,259.83,261.48,259.729,18534169,0.0
250.86,261.94,246.87,261.28,259.5304,19898073,1.67
252.4,265.72,251.84,252.34,248.9822,30149848,0.0
222.19,261.8,219.84,255.7,252.2974,39048997,0.0
224.99,227.45,220.35,224.8,221.8086,15594637,0.0
217.89,225.955,214.61,224.79,221.7988,18990367,0.0
223.0,226.711,216.8,219.75,216.8258,12337094,0.0
220.54,223.66,217.6,222.65,219.6872,10819153,0.0
222.81,225.4,221.08,222.78,219.8155,9272351,0.0
230.73,231.03,220.03,223.36,220.3878,28267440,0.0
238.0,239.35,227.8,230.82,227.7485,20886084,0.0
227.5,238.38,225.51,238.04,234.8724,18743737,0.0
223.35,230.36,222.65,227.41,224.3839,17274177,0.0
207.0,227.2,205.3701,222.97,220.003,21386866,0.0
214.4,215.41,204.07,204.99,202.2622,19438346,1.67
207.65,216.7,205.57,213.72,209.2191,15846890,0.0
215.5,216.25,203.51,208.25,203.8643,26467891,0.0
231.21,233.34,214.385,214.67,210.1491,31380820,0.0
233.57,237.37,230.17,232.2,227.3099,18477394,0.0
225.38,235.83,225.02,233.26,228.3475,18398213,0.0
220.65,226.08,215.798,226.0,221.2404,17778630,0.0
218.0,224.15,217.27,220.84,216.1891,16300165,0.0
215.88,218.84,210.37,217.7,213.1152,28532770,0.0
201.94,216.09,201.43,214.79,210.2665,21518747,0.0
201.91,205.95,199.335,200.74,196.5124,13519865,0.0
196.0,202.17,195.9,202.13,197.8731,15570283,0.0
193.84,197.92,193.715,196.1,191.9701,11022549,0.0
191.25,194.35,189.0001,193.78,189.699,11330854,0.0
184.55,192.88,181.81,191.45,187.4181,18895865,1.67
193.18,194.5499,185.7,189.12,183.5362,20594367,0.0
183.4,196.26,182.86,191.75,186.0885,25458498,0.0
183.38,189.47,181.95,183.25,177.8395,17829469,0.0
176.41,184.16,174.45,182.83,177.4319,16071235,0.0
173.45,177.98,173.38,176.02,170.8229,9939255,0.0
175.0,178.4599,170.41,172.95,167.8436,18850478,0.0
168.76,174.96,167.5,172.46,167.3681,21531360,0.0
169.55,172.47,166.81,169.21,164.214,16222067,0.0
166.54,171.305,163.53,170.01,164.9904,14102396,0.0
170.44,171.085,163.84,166.85,161.9237,15594186,0.0
169.0,175.46,168.38,170.89,165.8444,18410125,0.0
167.5,169.63,166.48,169.03,164.0393,15933303,0.0
166.5,170.26,165.88,167.15,162.2148,17421523,1.67
167.4,168.22,162.62,165.71,159.2182,22536194,0.0
182.45,184.68,165.66,167.13,160.5826,42329269,0.0
185.57,187.48,180.17,181.58,174.4665,16929550,0.0
189.24,191.25,181.685,182.27,175.1294,14955313,0.0
190.0,193.28,187.34,189.14,181.7303,12808073,0.0
190.26,191.9299,188.5,190.96,183.479,15383298,0.0
191.7,193.98,190.01,190.84,183.3637,23968505,0.0
195.09,199.18,190.7,191.07,183.5847,27466323,0.0
187.76,198.73,187.6,195.95,188.2735,29085296,0.0
185.6,188.38,182.62,188.2,180.8271,21955379,0.0
187.64,188.77,178.75,185.72,178.4443,17487852,0.0
185.9,188.95,182.26,187.64,180.2891,21745006,0.0
185.51,187.18,181.49,186.34,179.04,22784812,1.66
187.46,189.46,182.71,185.79,176.9185,28283876,0.0
172.82,196.9,172.4,187.42,178.4707,56232762,0.0
165.8,171.5791,165.04,171.48,163.2918,19864308,0.0
158.69,165.98,157.885,165.8,157.8831,17643392,0.0
162.83,163.29,158.67,159.16,151.5601,14822074,0.0
162.23,164.18,162.05,163.55,155.7405,9376537,0.0
162.23,163.33,159.53,162.14,154.3978,17686398,0.0
162.68,166.34,160.149,162.23,154.4835,33504550,0.0
160.29,162.79,159.97,161.96,154.2264,21918957,0.0
154.99,160.59,154.75,160.55,152.8837,21900644,0.0
152.51,155.705,152.35,155.18,147.7702,11362696,0.0
148.46,153.5,147.35,152.89,145.5895,19547595,0.0
147.89,149.68,145.28,149.02,141.9043,18357944,1.66
143.19,148.445,142.58,147.9,139.2611,22959464,0.0
136.63,144.7,135.87,142.52,134.1953,30227448,0.0
139.28,140.62,136.31,137.16,129.1484,21044049,0.0
142.3,143.415,138.27,138.46,130.3725,16386334,0.0
140.04,142.94,139.86,142.03,133.734,15932918,0.0
146.57,147.43,139.61,140.3,132.105,23445425,0.0
145.77,151.9299,144.66,146.91,138.3289,23597168,0.0
148.57,148.78,145.53,145.99,137.4627,19316647,0.0
147.91,149.0,147.12,147.68,139.0539,13719451,0.0
145.41,148.1,145.21,147.94,139.2988,15198607,0.0
141.42,145.47,141.11,145.35,136.86,15614989,0.0
143.05,143.365,139.76,141.41,133.1502,18826007,0.0
145.0,146.5,142.205,143.12,134.7603,19428470,1.66
143.81,146.09,142.17,144.24,134.2509,24072830,0.0
139.35,143.95,138.7788,143.45,133.5156,24310886,0.0
133.26,140.32,133.1,138.94,129.3179,29295540,0.0
131.76,135.33,131.695,133.4,124.1616,15109770,0.0
133.42,134.35,131.55,132.08,122.933,10923840,0.0
129.39,135.03,129.31,133.81,124.5432,18695850,0.0
136.36,137.23,129.18,129.43,120.4665,27111509,0.0
136.0,139.469,135.8216,137.48,127.959,24228597,0.0
133.12,136.1,131.88,135.3,125.93,21174178,0.0
129.56,133.12,127.46,132.42,123.2494,24339245,0.0
127.5,129.66,125.01,128.89,119.9639,21029979,0.0
123.0,128.29,122.34,127.26,118.4468,18284524,0.0
123.76,123.92,120.55,122.84,114.3329,20404364,1.66
126.35,126.75,121.7563,123.65,113.5314,21164660,0.0
125.55,127.25,124.56,126.41,116.0656,20644224,0.0
128.3,130.98,125.27,125.73,115.4412,30341128,0.0
129.83,131.105,126.0,128.14,117.654,19506500,0.0
130.97,132.61,130.315,130.5,119.8209,13172262,0.0
126.47,131.48,126.47,131.09,120.3626,20779522,0.0
124.31,127.215,122.6,125.29,115.0372,20458253,0.0
125.15,128.19,121.71,123.69,113.5682,66132690,0.0
129.64,130.86,125.13,125.45,115.1841,20761401,0.0
131.42,131.87,127.71,129.64,119.0313,17865677,0.0
134.0,134.385,128.86,130.57,119.8852,14198950,0.0
136.0,137.39,133.89,135.02,123.971,16543870,0.0
135.83,136.74,133.34,135.6,124.5035,22140989,1.65
134.32,136.95,132.8,136.94,124.2017,27874571,0.0
141.4,142.985,132.98,134.39,121.8889,43345140,0.0
146.42,147.18,139.75,141.2,128.0654,21419368,0.0
144.08,146.66,142.9,145.89,132.3191,14580596,0.0
141.1,144.25,140.01,143.7,130.3329,13648755,0.0
141.73,142.81,139.45,140.89,127.7843,10477419,0.0
140.16,143.09,137.195,141.65,128.4736,19663576,0.0
147.82,153.21,138.97,140.16,127.1222,33572382,0.0
147.94,149.153,146.29,147.05,133.3712,15316930,0.0
147.98,150.01,145.67,148.67,134.8405,20066941,0.0
147.55,150.46,146.45,148.37,134.5685,16271883,0.0
142.63,148.31,142.0,147.64,133.9064,22034930,0.0
136.64,144.13,136.51,143.17,129.8522,25066114,1.65
138.06,140.17,133.97,136.96,122.7457,22491556,0.0
130.9,138.8615,129.85,138.51,124.1348,26667185,0.0
121.8,130.845,121.43,129.9,116.4184,37309868,0.0
119.79,122.54,115.545,120.04,107.5817,22973512,0.0
120.16,126.46,118.07,118.82,106.4883,21614952,0.0
122.3,124.26,118.61,118.81,106.4794,22265241,0.0
126.49,128.06,121.74,122.71,109.9746,19442664,0.0
130.33,130.99,123.83,127.27,114.0614,27107187,0.0
127.8,129.49,126.28,129.19,115.7821,12004834,0.0
129.99,131.42,127.24,127.79,114.5274,15086608,0.0
137.65,137.85,130.34,130.38,116.8486,16982107,0.0
132.96,139.34,132.24,138.37,124.0094,17105977,0.0
133.1,134.09,129.12,134.01,120.1019,17254110,1.65
130.75,132.862,130.51,132.48,117.2366,17400572,0.0
128.44,131.0,127.58,130.79,115.741,22223785,0.0
140.15,140.31,125.13,128.25,113.4933,66246811,0.0
140.62,141.87,135.02,139.92,123.8205,21089228,0.0
139.97,141.325,135.27,140.47,124.3072,16229131,0.0
142.26,144.155,139.26,141.12,124.8824,21052787,0.0
135.9,142.37,135.9,142.06,125.7143,23921844,0.0
133.97,138.45,132.85,135.02,119.4843,34055621,0.0
142.98,144.73,135.25,136.19,120.5197,18914084,0.0
138.2,142.5794,136.81,141.18,124.9355,19861566,0.0
129.5,139.7394,129.42,139.27,123.2453,19618090,0.0
133.1,138.37,125.8,128.48,113.6968,27360441,0.0
134.41,136.345,128.43,133.6,118.2277,31171489,1.65
133.0,137.99,130.89,137.67,120.3523,27079586,0.0
137.59,139.87,132.0,132.21,115.5791,24560464,0.0
126.6,141.88,125.53,138.25,120.8593,47056765,0.0
127.95,130.58,124.91,126.56,110.6398,15342641,0.0
130.26,131.23,126.73,127.73,111.6627,16553021,0.0
130.82,133.08,128.06,130.15,113.7782,19183786,0.0
129.0,131.4,127.4,131.35,114.8273,15440952,0.0
124.45,128.93,122.685,128.76,112.5631,22675632,0.0
126.47,128.345,123.125,123.96,108.3669,23784887,0.0
122.21,127.35,120.7,126.62,110.6923,26131658,0.0
124.2,125.0,118.81,124.18,108.5592,20417161,0.0
132.59,132.65,123.61,124.35,108.7078,26022824,0.0
137.45,138.35,132.38,132.69,115.9987,23489144,1.64
134.09,138.82,132.3,137.15,118.4429,27665550,0.0
127.99,137.3361,124.193,134.5,116.1543,52800401,0.0
132.95,133.9,129.27,129.35,111.7068,20520487,0.0
134.47,136.2,127.97,134.21,115.9039,32044685,0.0
134.07,142.2,132.51,134.83,116.4393,36013766,0.0
130.63,134.99,129.95,133.66,115.4289,18454937,0.0
125.72,130.96,124.7,130.63,112.8122,17369625,0.0
123.76,128.64,120.79,127.4,110.0228,35216850,0.0
119.4,125.33,119.4,124.09,107.1643,25031512,0.0
118.62,119.61,116.45,118.84,102.6303,36059651,0.0
116.0,118.81,114.56,115.81,100.0136,17875027,0.0
119.54,120.16,115.27,116.05,100.2209,24272797,0.0
123.985,124.78,118.78,118.96,102.734,29109912,1.64
125.05,127.29,119.9,123.61,105.3205,29791780,0.0
127.53,128.65,124.62,125.1,101.9025,34288134,0.0
144.0,144.94,126.611,127.88,104.167,59731582,0.0
143.5,144.85,139.66,144.61,117.7947,16262687,0.0
142.74,146.0,140.89,143.22,116.6625,27211291,0.0
137.96,143.97,136.44,143.32,116.7439,23824191,0.0
133.9,138.48,132.78,137.49,111.995,18425230,0.0
138.4,138.99,135.05,135.23,110.1541,20130213,0.0
139.65,139.79,137.0,137.02,111.6121,13754250,0.0
139.5,140.94,138.815,139.58,113.6974,13345045,0.0
139.62,140.8,138.4,139.41,113.559,12376600,0.0
143.23,143.74,137.21,139.11,113.3146,16189007,0.0
142.2,143.58,140.34,143.18,116.6299,18462255,1.64
141.45,144.7,141.03,144.09,116.024,16428567,0.0
141.39,143.64,140.79,140.96,113.5037,16120616,0.0
136.45,144.92,136.2089,141.34,113.8097,34786264,0.0
141.43,141.9599,138.59,138.9,111.8449,18659679,0.0
139.99,141.98,137.1,141.52,113.9546,21544898,0.0
147.01,147.5,139.46,140.02,112.7468,29077036,0.0
144.11,147.07,144.06,146.84,118.2384,17129373,0.0
150.71,151.03,143.04,143.12,115.243,23177438,0.0
147.55,152.84,147.17,151.28,121.8136,22042806,0.0
145.0,147.55,143.75,147.42,118.7054,12453017,0.0
145.06,145.39,143.04,143.74,115.7422,18483838,0.0
144.44,145.8,140.92,144.74,116.5474,20546126,0.0
145.8,148.38,141.14,144.68,116.4991,27415665,0.0
143.81,148.515,143.55,145.46,117.1272,31590796,1.64
142.42,148.74,140.55,141.88,112.9708,25588990,0.0
133.6,144.74,132.58,142.43,113.4087,47246234,0.0
135.02,135.37,130.38,133.59,106.37,26831249,0.0
133.64,136.69,133.4,135.73,108.0739,19179860,0.0
135.98,137.07,132.27,133.23,106.0833,18432506,0.0
128.5,136.48,127.89,136.38,108.5915,23647858,0.0
127.77,130.995,127.34,128.9,102.6356,28046462,0.0
122.99,128.64,122.88,127.61,101.6084,29253064,0.0
120.35,123.75,118.755,122.83,97.8024,32662092,0.0
118.5,124.35,118.44,118.93,94.697,30731807,0.0
120.15,120.94,118.38,118.99,94.7448,22567552,0.0
122.62,123.9767,120.09,120.8,96.186,24634263,1.63
119.9,121.81,118.12,121.79,95.6968,28405606,0.0
118.7624,124.79,117.45,119.11,93.591,56437187,0.0
129.28,132.24,117.36,118.61,93.1981,61879427,0.0
127.95,130.16,126.455,128.39,100.8827,29417959,0.0
125.85,131.88,123.04,128.53,100.9927,28434389,0.0
125.1,126.6,123.24,125.88,98.9105,14025419,0.0
123.97,125.21,121.72,124.69,97.9755,14908439,0.0
125.32,126.5728,123.44,125.85,98.8869,25280527,0.0
126.49,127.69,123.61,124.27,97.6454,29511629,0.0
124.1,127.38,122.41,127.2,99.9477,24848983,0.0
117.43,125.313,117.27,124.35,97.7083,19418148,0.0
118.3,118.88,115.89,116.94,91.8859,22498909,0.0
117.88,119.74,113.48,116.85,91.8152,30088820,1.63
112.65,115.65,111.16,114.04,88.3605,25467232,0.0
114.45,114.9,105.92,111.66,86.5165,37250916,0.0
126.8,127.35,112.98,116.0,89.8792,50486636,0.0
128.07,128.25,123.85,125.93,97.5731,21874963,0.0
121.84,135.5,121.05,127.79,99.0143,43381507,0.0
120.57,123.3,118.82,120.57,93.4201,15038264,0.0
120.48,121.59,116.48,118.95,92.1649,18708494,0.0
122.36,125.82,121.76,122.76,95.117,18909398,0.0
122.16,123.7,120.24,121.46,94.1097,16507866,0.0
125.25,129.95,121.24,122.3,94.7605,26310920,0.0
123.79,126.82,123.36,125.07,96.9068,16959794,0.0
125.25,125.59,122.31,123.16,95.4269,15908978,0.0
125.42,130.47,123.91,125.27,97.0618,18634659,0.0
123.5,126.75,122.15,124.96,96.8216,17701697,1.63
124.86,126.34,121.09,122.94,94.0299,20010578,0.0
126.07,132.17,125.14,125.79,96.2097,41040414,0.0
119.78,125.63,117.92,125.11,95.6896,21958911,0.0
121.25,121.85,115.2,118.35,90.5193,22560031,0.0
117.98,121.42,117.37,119.7,91.5518,16478700,0.0
122.12,122.9,115.88,117.19,89.632,35016186,0.0
119.19,127.5,118.29,122.47,93.6704,24867689,0.0
132.27,135.88,117.84,121.91,93.2421,33456639,0.0
124.64,134.23,124.03,132.06,101.0053,19514867,0.0
121.3,126.97,121.01,124.9,95.529,23037728,0.0
119.88,122.47,117.59,118.39,90.5498,19484187,0.0
121.81,124.32,111.81,116.98,89.4714,24229073,0.0
120.82,124.32,119.39,122.99,94.0681,21189890,1.63
125.56,129.31,121.39,121.87,91.9749,26502989,0.0
119.15,125.0,112.06,124.72,94.1257,41252209,0.0
121.63,125.18,114.42,120.12,90.6541,27240371,0.0
110.35,122.92,110.13,121.5,91.6956,23351117,0.0
108.09,113.81,104.52,106.34,80.2544,28882211,0.0
94.6,113.15,90.56,108.03,81.5299,39907532,0.0
98.0,107.41,94.71,95.39,71.9905,47138046,0.0
120.16,124.88,100.81,107.95,81.4695,55580046,0.0
130.75,136.1,124.52,127.73,96.3974,35054761,0.0
145.51,148.05,126.36,130.15,98.2237,38480655,0.0
149.79,151.89,148.84,149.84,113.0837,12493166,0.0
152.97,155.6,149.77,150.7,113.7328,23423757,0.0
144.25,158.75,143.9,153.41,115.778,43694755,1.62
138.5,144.05,134.97,143.73,107.339,34661511,0.0
137.81,145.79,137.6,140.56,104.9716,34829367,0.0
135.48,138.33,135.07,138.31,103.2913,20831539,0.0
133.42,137.87,133.2,136.69,102.0815,17020619,0.0
135.2,135.92,132.4,134.34,100.3265,13418364,0.0
135.78,136.15,134.61,135.27,101.021,8887084,0.0
134.94,136.42,133.46,135.59,101.26,20036502,0.0
133.35,135.66,133.26,134.21,100.2294,17504239,0.0
134.45,134.5,130.69,133.22,99.4901,17337693,0.0
134.47,136.15,133.03,134.45,100.4086,11502959,0.0
134.3,135.38,132.75,134.34,100.3265,16963107,0.0
137.2,137.2,133.33,134.4,100.3713,16169172,0.0
136.24,139.14,136.16,137.61,102.7685,17174941,1.62
136.0,136.63,133.2,135.53,100.0382,16136475,0.0
132.61,135.93,130.9,135.44,99.9717,19388201,0.0
142.31,143.72,132.25,134.09,98.9753,34208011,0.0
142.26,144.5,138.25,142.76,105.3748,14096608,0.0
143.73,147.35,139.18,142.99,105.5446,15911420,0.0
141.19,145.09,140.56,143.24,105.7291,12376163,0.0
142.56,145.03,140.51,141.88,104.7253,15262993,0.0
140.59,145.46,140.46,143.67,106.0465,17776693,0.0
134.85,141.7,133.33,140.57,103.7583,12663912,0.0
131.05,136.07,129.16,135.53,100.0382,16211916,0.0
134.88,136.33,128.83,129.57,95.6389,16504912,0.0
135.66,136.57,130.25,133.76,98.7317,20933133,0.0
144.98,145.1,135.35,136.13,100.4811,28623442,1.62
151.11,152.95,145.59,147.25,107.4466,22876887,0.0
150.16,151.94,148.38,151.36,110.4456,16794485,0.0
142.89,151.58,141.95,149.68,109.2197,31893327,0.0
141.05,142.92,139.13,142.74,104.1557,13194248,0.0
139.6,141.82,139.28,141.38,103.1633,9862722,0.0
139.2,140.15,137.84,137.9,100.624,15575818,0.0
135.39,139.54,134.7,139.2,101.5726,15851123,0.0
134.38,136.46,133.91,135.15,98.6174,13722199,0.0
127.1,134.72,127.06,133.31,97.2747,16193845,0.0
132.13,132.64,126.85,126.99,92.6631,14869322,0.0
133.53,137.06,130.44,132.28,96.5232,15557532,0.0
133.28,136.11,130.96,134.32,98.0117,16426011,0.0
138.3,140.69,132.42,135.32,98.7414,19509963,1.62
139.15,141.81,138.68,140.25,101.1283,16772230,0.0
139.42,141.31,137.71,139.44,100.5442,16961387,0.0
144.4,145.39,136.26,140.33,101.186,27390537,0.0
143.02,144.44,141.84,144.35,104.0846,13675882,0.0
141.51,144.22,141.51,143.28,103.3131,14574262,0.0
139.06,141.22,138.35,141.1,101.7412,14257045,0.0
139.83,142.12,138.72,139.45,100.5514,17883337,0.0
136.03,140.33,135.84,139.43,100.537,20959826,0.0
139.99,140.08,133.58,135.09,97.4076,18558647,0.0
140.0,140.49,137.72,139.2,100.3712,15273342,0.0
137.81,139.38,137.22,139.25,100.4072,13238819,0.0
134.29,138.19,133.91,138.03,99.5275,17299173,0.0
134.02,136.65,132.12,133.71,96.4126,21874687,1.57
133.1,135.41,132.58,134.1,95.5673,23585862,0.0
123.3,135.0,121.54,133.97,95.4746,44147478,0.0
120.51,124.72,119.76,123.82,88.2412,23616108,0.0
117.5,121.86,116.67,121.46,86.5593,19780844,0.0
113.33,117.49,111.69,117.32,83.6089,18047093,0.0
109.9,114.8,105.94,113.03,80.5516,21630293,0.0
119.07,120.27,110.44,110.94,79.0621,39485288,0.0
119.74,123.81,118.52,119.9,85.4475,23701178,0.0
125.67,126.59,118.87,119.34,85.0484,25801474,0.0
118.37,124.69,118.06,124.27,88.5618,27471124,0.0
121.63,122.18,116.7,117.19,83.5162,18035587,0.0
123.5,123.57,119.51,121.57,86.6377,23510061,0.0
116.1,125.06,116.0,123.54,88.0416,48482997,1.57
119.34,123.95,114.09,115.67,81.3972,87773431,0.0
129.58,131.9,123.71,124.79,87.815,36964774,0.0
140.38,145.45,127.96,129.1,90.8479,50928336,0.0
148.5,149.07,138.78,140.85,99.1164,27703434,0.0
151.71,154.36,147.87,149.03,104.8727,18943237,0.0
151.1,153.35,148.36,151.21,106.4068,22847744,0.0
148.44,152.6,147.47,151.35,106.5053,37327961,0.0
146.6,149.3,145.25,148.33,104.3801,20298346,0.0
145.98,147.66,144.81,145.45,102.3535,15394651,0.0
146.94,147.93,145.25,146.48,103.0783,15929583,0.0
146.37,147.16,144.75,146.04,102.7687,12992907,0.0
144.15,146.39,142.0,146.06,102.7827,17890077,0.0
146.95,147.64,143.88,144.48,101.6709,17100909,1.57
144.8,147.92,142.33,147.7,102.8217,24366161,0.0
146.35,149.27,144.66,145.15,101.0465,19940363,0.0
145.67,150.54,142.74,146.35,101.8819,36572622,0.0
142.59,146.98,142.47,145.9,101.5687,17395351,0.0
138.28,142.94,138.2,142.48,99.1878,12024030,0.0
140.4,141.36,137.45,139.7,97.2525,25451478,0.0
144.18,144.52,140.78,141.28,98.3524,21004666,0.0
146.62,147.52,143.7,145.39,101.2136,21311072,0.0
142.3,146.7,142.18,146.14,101.7357,18618365,0.0
142.53,143.1,140.21,141.95,98.8188,20343954,0.0
144.95,146.2,142.95,143.64,99.9953,16951460,0.0
144.47,145.19,142.92,144.08,100.3017,16304020,0.0
144.0,144.85,141.28,144.14,100.3434,20021856,1.57
146.86,147.38,139.9,143.91,99.0924,23464605,0.0
145.03,147.36,144.11,146.48,100.862,25028049,0.0
157.99,162.0,144.51,144.9,99.7741,51127683,0.0
151.8,159.22,151.74,156.71,107.9061,21372171,0.0
153.34,154.92,147.45,150.57,103.6783,20949699,0.0
151.21,154.87,150.28,153.43,105.6476,14934365,0.0
159.71,159.89,148.54,148.89,102.5215,21959274,0.0
159.64,162.11,157.74,160.26,110.3505,25076217,0.0
154.12,159.58,153.75,159.31,109.6964,22842811,0.0
155.81,159.78,151.88,154.49,106.3775,18831762,0.0
155.79,156.79,152.79,155.52,107.0867,14987102,0.0
150.9,157.79,149.64,156.18,107.5412,25701914,0.0
157.89,158.5,144.4,149.51,102.9484,38856237,1.5
167.45,168.39,158.87,159.03,108.4019,21842492,0.0
161.51,168.72,161.11,167.34,114.0663,28170112,0.0
165.1,171.13,161.3,162.37,110.6786,51246304,0.0
162.66,164.94,161.7,163.14,111.2034,22376145,0.0
154.5,162.9,153.54,162.49,110.7604,26160206,0.0
152.51,154.72,152.5,153.42,104.5779,10573732,0.0
153.41,154.18,151.49,152.5,103.9507,20045931,0.0
154.97,157.85,152.03,152.5,103.9507,31101402,0.0
155.67,156.8,153.26,154.81,105.5253,20236835,0.0
152.06,155.02,151.62,154.76,105.4913,24386604,0.0
150.64,152.45,149.9,151.84,103.5009,13728716,0.0
148.88,150.15,146.211,148.97,101.5445,23731918,0.0
151.77,151.82,149.14,149.16,101.6741,21891991,1.5
153.76,154.93,151.49,151.58,102.3027,19467703,0.0
162.05,162.51,152.911,153.68,103.72,28529638,0.0
147.22,162.48,146.18,162.07,109.3824,56148944,0.0
146.5,148.95,146.35,147.1,99.2791,16128636,0.0
145.35,147.54,145.21,146.48,98.8606,12252293,0.0
145.12,147.42,144.21,145.08,97.9157,18131168,0.0
144.81,145.8911,144.22,145.13,97.9495,16890140,0.0
143.54,146.38,143.01,144.82,97.7403,24882951,0.0
143.5,144.64,141.64,142.45,96.1407,13803467,0.0
144.11,144.56,141.9,144.08,97.2408,17765494,0.0
139.59,144.19,139.13,143.74,97.0114,15927109,0.0
142.0,143.34,139.58,139.7,94.2847,18585485,0.0
145.0,145.09,141.19,141.84,95.729,18161288,1.5
144.38,145.67,144.17,145.16,96.9464,16503121,0.0
147.0,147.49,143.64,144.29,96.3654,21206630,0.0
153.59,154.29,146.51,147.08,98.2287,39223438,0.0
152.91,154.615,152.05,154.24,103.0106,15015697,0.0
153.58,156.025,152.14,152.94,102.1424,11462576,0.0
154.71,155.75,153.14,153.83,102.7368,13465670,0.0
155.51,155.86,153.39,154.11,102.9238,18294998,0.0
154.19,157.2,152.94,155.38,103.772,23761609,0.0
151.82,154.265,150.8,154.1,102.9171,20653101,0.0
151.95,153.2,151.59,152.05,101.548,13583558,0.0
152.1,153.73,151.23,152.49,101.8419,14563625,0.0
150.62,154.14,150.11,151.98,101.5012,23606431,0.0
152.8,153.47,149.79,150.37,100.426,28432713,1.5
160.05,160.42,153.0,155.05,102.5464,28746997,0.0
161.29,162.04,159.63,160.29,106.012,22585454,0.0
169.75,171.69,159.6,160.38,106.0716,41444548,0.0
172.53,172.56,168.98,169.53,112.1231,15162492,0.0
173.82,176.33,171.28,172.14,113.8493,20657952,0.0
172.69,175.0,172.0937,174.14,115.1721,15949938,0.0
175.65,176.23,172.8,173.83,114.9671,16816026,0.0
177.85,179.0,174.75,175.65,116.1708,20678038,0.0
179.72,181.29,175.88,177.83,117.6126,18283618,0.0
181.19,182.55,179.28,180.05,119.0808,14713309,0.0
180.6,182.5,179.12,181.35,119.9406,13082284,0.0
179.24,182.79,178.35,180.67,119.4909,15587334,0.0
175.31,178.8701,174.38,178.68,118.1747,15458288,1.4
176.98,177.07,172.89,175.82,115.3664,16952754,0.0
170.08,179.25,170.01,177.3,116.3375,24898161,0.0
166.69,170.64,165.8,170.55,111.9084,26891514,0.0
169.47,169.8,165.34,167.34,109.8021,16710843,0.0
167.0,169.92,166.01,169.53,111.2391,11943248,0.0
166.98,167.98,165.5,165.99,108.9163,7770697,0.0
166.83,168.25,165.25,166.71,109.3888,13209502,0.0
166.72,169.952,165.07,166.73,109.4019,23953742,0.0
160.85,166.72,158.93,166.52,109.2641,17154330,0.0
163.2,164.66,158.3,160.02,104.999,19370850,0.0
160.69,163.19,160.3697,163.14,107.0463,11269212,0.0
161.25,161.86,157.55,160.39,105.2418,16168917,0.0
153.99,161.34,151.0,161.27,105.8192,25292112,1.4
152.76,154.33,151.67,152.43,99.1244,15168515,0.0
150.4,154.44,149.83,152.61,99.2415,16009359,0.0
154.45,155.89,147.79,149.63,97.3036,31731091,0.0
156.71,158.49,152.27,154.45,100.438,15614452,0.0
158.06,158.53,154.86,155.67,101.2314,11417766,0.0
154.46,165.0,153.46,158.85,103.2993,15801644,0.0
154.87,157.22,153.87,154.98,100.7827,12476162,0.0
155.26,158.53,153.21,153.84,100.0414,21990587,0.0
159.88,161.76,155.65,155.69,101.2444,15009419,0.0
158.83,160.57,158.1,159.55,103.7545,11286596,0.0
160.0,161.34,157.85,158.32,102.9547,13571765,0.0
162.4,162.97,159.52,160.04,104.0732,14873739,0.0
162.73,164.95,161.52,161.95,105.3152,19554950,1.4
160.65,163.51,159.8,163.5,105.4125,15067283,0.0
162.0,163.6,160.03,160.62,103.5556,13747991,0.0
159.3,162.17,157.89,162.07,104.4905,24775973,0.0
154.6,161.4,154.5,159.78,103.0141,18535456,0.0
151.19,154.6,149.92,154.46,99.5841,10213227,0.0
146.18,152.97,142.5,152.35,98.2238,19155814,0.0
152.6,155.48,146.18,146.59,94.5102,22214411,0.0
151.63,152.72,149.0,151.99,97.9917,15849580,0.0
153.09,154.09,151.86,152.37,98.2367,14920842,0.0
152.56,153.81,151.54,152.89,98.5719,13470239,0.0
147.61,152.93,146.66,152.84,98.5397,14910875,0.0
147.65,149.99,143.955,147.25,94.9357,16406443,0.0
147.7,151.09,147.01,147.72,95.2387,17034303,0.0
146.56,147.97,142.9,147.29,94.9615,21059912,1.4
148.16,150.78,144.191,145.94,93.2052,16956550,0.0
151.75,153.14,142.61,148.5,94.8401,37688644,0.0
150.26,152.76,148.58,151.72,96.8966,17443203,0.0
152.34,153.52,147.81,149.35,95.383,18417556,0.0
147.75,153.1,147.23,152.52,97.4075,20439783,0.0
147.3,149.28,144.49,147.95,94.4889,17611709,0.0
142.01,147.51,141.04,147.09,93.9396,29886417,0.0
137.28,142.9236,136.8718,142.36,90.9188,23556160,0.0
132.0,139.42,130.9,137.8,88.0065,22557187,0.0
133.84,134.92,129.68,132.03,84.3215,20763400,0.0
121.83,134.0,121.34,133.08,84.9921,23958762,0.0
126.0,127.51,116.901,121.04,77.3027,32025579,1.3
124.4,128.64,122.29,128.57,81.2796,25527891,0.0
122.1,124.79,120.65,124.79,78.89,27278749,0.0
130.11,132.1,118.0,122.5,77.4423,44203492,0.0
131.81,134.2799,128.87,130.03,82.2026,29470082,0.0
135.6,136.89,131.32,131.63,83.2141,25251873,0.0
137.74,140.44,136.54,137.62,87.0009,13538507,0.0
135.83,139.305,134.02,138.25,87.3991,16540309,0.0
135.31,139.65,134.02,134.9,85.2813,27823388,0.0
140.16,140.41,133.91,134.57,85.0727,21354563,0.0
138.61,141.4,137.99,140.43,88.7773,22935841,0.0
138.53,139.34,137.12,138.46,87.5319,13199481,0.0
131.79,138.915,131.79,138.5,87.5572,21083793,0.0
137.92,138.08,131.65,131.75,83.29,25069755,0.0
140.5,142.8,137.87,138.25,87.3991,21526383,1.3
144.75,145.0,137.33,140.08,87.7311,34698762,0.0
149.85,149.97,139.3,144.68,90.612,42068316,0.0
152.4,152.58,148.58,150.39,94.1882,17455488,0.0
145.82,153.147,145.82,152.39,95.4407,19465122,0.0
144.42,145.71,140.56,144.58,90.5494,19914471,0.0
145.39,146.98,141.95,145.42,91.0755,16815584,0.0
147.37,149.68,143.98,144.51,90.5056,20721826,0.0
145.86,149.04,144.51,147.37,92.2968,13916382,0.0
147.26,148.4,141.85,143.7,89.9983,21421138,0.0
143.47,148.97,140.62,147.98,92.6788,32508092,0.0
155.2,156.69,148.7,148.85,93.2237,19846207,0.0
156.77,157.4652,153.95,155.75,97.5451,17165086,0.0
161.7,161.85,154.335,155.12,97.1505,20138504,1.3
159.0,162.06,158.5,161.99,100.6164,15380412,0.0
172.79,173.78,159.41,159.75,99.2251,37075256,0.0
167.93,172.52,167.52,172.51,107.1507,17138495,0.0
163.83,167.4,162.2317,166.95,103.6972,18143986,0.0
163.92,165.61,162.12,165.09,102.5419,12979210,0.0
167.65,169.97,165.23,165.46,102.7717,20939777,0.0
165.33,168.72,164.25,166.99,103.722,20761376,0.0
167.17,170.44,163.37,166.99,103.722,18364270,0.0
170.21,171.5601,167.2,167.4,103.9767,13868111,0.0
172.11,172.48,169.13,169.65,105.3742,12435919,0.0
173.44,174.44,171.93,172.22,106.9705,11939607,0.0
172.65,174.41,168.84,173.26,107.6165,13435074,0.0
174.47,176.3,168.86,172.68,107.2562,16793441,1.3
170.89,175.1303,170.02,173.67,107.0528,21874751,0.0
162.1,171.91,161.9,169.78,104.6549,35436301,0.0
162.37,164.96,160.03,160.67,99.0394,17532781,0.0
159.69,163.84,158.702,162.86,100.3893,13917063,0.0
161.31,163.6,158.39,160.45,98.9038,16765545,0.0
162.77,165.35,158.91,160.4,98.8729,23569213,0.0
155.05,163.0,154.8,162.88,100.4016,25684872,0.0
158.2,161.15,153.4,154.28,95.1005,26135448,0.0
161.68,161.89,158.06,158.5,97.7018,21117049,0.0
164.23,164.99,159.77,161.94,99.8222,22941227,0.0
159.75,164.49,159.73,163.65,100.8763,14108892,0.0
156.0,160.8,155.08,160.4,98.8729,18164756,0.0
154.0,158.71,151.51,156.72,96.6045,22439830,1.1
158.26,159.46,149.52,153.31,93.8439,32927307,0.0
156.7,157.6,151.07,155.87,95.4109,31230797,0.0
159.0,159.97,153.74,157.14,96.1883,23272056,0.0
161.27,161.27,154.03,159.11,97.3942,24440360,0.0
162.0,163.31,159.45,162.06,99.1999,15698987,0.0
158.33,163.09,158.33,162.34,99.3713,12508916,0.0
155.93,160.41,150.5,158.51,97.0269,34588770,0.0
163.29,163.33,155.33,155.38,95.111,23397756,0.0
161.64,164.52,161.35,163.27,99.9406,20945441,0.0
161.54,163.86,161.01,162.17,99.2672,17053892,0.0
164.16,164.97,159.8,160.92,98.5021,22273217,0.0
161.9,164.49,161.61,164.16,100.4854,20088151,0.0
164.25,164.54,160.05,162.07,99.206,20603321,1.1
162.0,165.59,161.8,164.4,99.9513,27342119,0.0
166.845,170.331,161.1,162.08,98.5408,69701346,0.0
185.49,186.65,178.69,182.05,110.6821,24355568,0.0
189.69,190.89,185.1,185.93,113.0411,15795271,0.0
188.51,190.85,186.24,188.67,114.7069,14352364,0.0
193.72,194.14,188.61,190.06,115.552,16209901,0.0
191.42,195.0,190.58,194.0,117.9474,20044000,0.0
190.75,192.78,189.51,191.28,116.2937,12878100,0.0
192.68,192.97,190.06,191.2,116.2451,9627700,0.0
191.39,194.133,190.66,192.3,116.9139,11487700,0.0
188.1,192.07,187.76,190.41,115.7648,11074800,0.0
187.81,188.88,186.28,187.38,113.9226,10927100,0.0
189.35,189.95,183.58,186.63,113.4666,14770900,1.1
194.3,196.4,188.86,189.15,114.3225,19838900,0.0
191.3,195.9,189.25,194.4,117.4956,19580700,0.0
188.55,195.95,188.21,192.5,116.3473,34217100,0.0
187.61,188.9,186.21,188.0,113.6275,14983700,0.0
181.33,188.99,180.26,188.53,113.9478,18382300,0.0
181.92,183.0,179.27,181.71,109.8258,17703900,0.0
182.4,184.47,181.235,181.55,109.7291,24186800,0.0
186.22,187.64,180.91,182.56,110.3395,18143900,0.0
184.76,187.65,183.92,186.37,112.6423,14243300,0.0
184.8,185.65,182.33,184.36,111.4274,15895800,0.0
186.61,187.16,184.7,185.94,112.3824,14066100,0.0
191.12,193.03,185.93,187.06,113.0593,19407200,0.0
191.05,191.49,186.93,190.08,114.8846,13925300,1.1
191.14,196.86,190.58,191.44,115.0381,21195300,0.0
189.8,193.0,189.11,189.63,113.9505,22312800,0.0
196.24,198.71,187.01,190.01,114.1788,30565200,0.0
191.72,199.21,191.57,195.19,117.2915,30598500,0.0
191.64,195.13,191.28,191.77,115.2364,29036500,0.0
187.43,195.63,187.37,190.45,114.4432,35465000,0.0
182.66,188.7,182.66,186.67,112.1718,30821100,0.0
187.55,188.45,182.21,182.21,109.4917,24057200,0.0
183.33,188.92,182.82,187.68,112.7787,20103400,0.0
182.82,186.12,182.82,185.17,111.2704,20734000,0.0
183.18,185.71,182.32,182.79,109.8403,19774200,0.0
176.97,184.43,176.25,183.69,110.3811,21312600,0.0
176.02,177.56,172.19,177.25,106.5112,25234000,0.95
179.605,179.65,175.34,176.68,105.5944,25559900,0.0
190.23,190.39,179.64,179.64,107.3635,38736900,0.0
186.26,190.81,183.86,190.09,113.609,27635300,0.0
187.15,190.35,185.3,187.26,111.9176,22947500,0.0
185.32,187.79,184.67,186.64,111.5471,15248000,0.0
181.05,186.5,180.61,185.08,110.6147,12400800,0.0
173.22,182.0,172.73,180.02,107.5906,32267100,0.0
177.99,178.152,172.73,172.8,103.2755,21870800,0.0
179.46,179.59,175.16,177.67,106.1861,24816100,0.0
180.25,180.76,177.31,179.68,107.3874,20384900,0.0
183.52,186.24,179.92,181.3,108.3556,25637400,0.0
180.19,184.0487,179.66,183.19,109.4852,25682800,0.0
179.9,181.39,177.35,179.99,107.5726,25635300,0.95
177.04,182.32,176.2,179.23,106.5535,25853600,0.0
174.42,179.1,172.6301,176.85,105.1386,29861500,0.0
185.41,186.99,172.57,173.78,103.3135,45663100,0.0
181.85,186.23,178.71,186.16,110.6735,20859700,0.0
185.56,186.74,183.0,184.1,109.4488,16351900,0.0
190.06,192.41,186.45,186.92,111.1253,15079700,0.0
193.7,194.89,190.02,190.02,112.9683,22379100,0.0
183.68,193.1,183.31,192.17,114.2464,18194900,0.0
183.63,185.0,182.31,183.03,108.8126,11856200,0.0
185.27,187.0,181.1,182.27,108.3608,15052200,0.0
185.3,186.57,183.1685,185.42,110.2335,14564700,0.0
186.97,189.99,185.34,185.34,110.186,16580500,0.0
195.16,195.88,186.79,187.82,111.6603,20128300,0.95
196.83,197.83,193.2215,195.16,115.4424,15338600,0.0
193.4,197.83,193.2804,197.35,116.7378,14719100,0.0
192.42,200.94,191.68,193.54,114.4841,31679400,0.0
195.6,195.78,190.78,192.07,113.6146,20715900,0.0
192.15,195.16,190.26,194.93,115.3063,12378100,0.0
193.99,196.9,188.41,191.11,113.0467,25092600,0.0
203.44,206.09,193.5401,195.46,115.6199,22773400,0.0
206.97,206.98,200.34,202.2,119.6067,14580500,0.0
208.25,210.05,201.47,206.35,122.0616,17768500,0.0
207.44,211.98,206.04,208.02,123.0494,16799600,0.0
208.02,210.15,204.42,205.72,121.6889,20259100,0.0
204.18,209.5,202.04,208.44,123.2979,21587300,0.0
203.79,205.0,201.52,204.47,120.9495,18700700,0.95
194.78,205.319,194.65,204.51,120.4147,26809200,0.0
191.15,195.17,187.68,194.31,114.4089,27976600,0.0
210.44,212.0,189.76,190.0,111.8712,35696400,0.0
209.07,213.09,207.33,211.38,124.4597,15273700,0.0
212.8,214.89,206.34,209.41,123.2998,16247600,0.0
212.54,213.44,209.735,213.3,125.5902,12516100,0.0
212.9,215.82,210.11,212.08,124.8719,18085500,0.0
210.04,215.9,209.04,214.92,126.544,23433000,0.0
202.59,210.74,202.55,210.38,123.8709,18680900,0.0
201.67,203.123,197.51,202.91,119.4726,19419000,0.0
200.6,201.89,198.11,201.09,118.401,13744500,0.0
200.98,201.95,199.02,200.98,118.3362,14498300,0.0
204.19,205.02,198.68,201.68,118.7484,16419900,0.85
204.85,206.22,202.96,205.18,120.3005,15901300,0.0
194.36,208.58,194.01,204.97,120.1774,27508900,0.0
192.82,195.0,190.39,194.47,114.021,19748400,0.0
193.4,195.0,191.28,194.45,114.0093,16589700,0.0
189.23,196.35,188.84,193.99,113.7396,15943900,0.0
193.05,193.83,189.83,189.83,111.3005,11911900,0.0
191.76,196.45,191.57,193.42,113.4054,24598600,0.0
192.17,194.8,191.26,191.76,112.4321,19274500,0.0
190.76,192.2,186.94,191.95,112.5435,18850300,0.0
192.45,193.37,189.27,190.07,111.4412,21119100,0.0
188.62,193.49,188.25,193.49,113.4464,15826300,0.0
190.03,190.88,184.78,186.94,109.6061,18951000,0.0
192.36,196.75,188.88,189.64,111.1891,17977200,0.85
194.8,198.0,193.29,193.43,112.9092,14071200,0.0
193.71,194.68,190.56,193.27,112.8158,19824000,0.0
208.88,211.0,193.18,193.36,112.8683,37283100,0.0
210.02,210.74,205.05,207.8,121.2973,15209500,0.0
208.01,211.79,207.94,210.59,122.9259,17786100,0.0
205.02,208.32,203.9,207.45,121.093,17962400,0.0
205.55,207.99,205.3,205.98,120.2349,24867400,0.0
199.39,207.65,198.73,206.81,120.7194,19339300,0.0
196.61,199.5,193.25,199.5,116.4524,15172300,0.0
197.96,198.3,193.18,194.85,113.7381,13113600,0.0
200.69,201.13,194.2,197.77,115.4426,14140300,0.0
198.88,202.0,197.72,201.22,117.4564,12373700,0.0
198.76,200.88,197.24,199.29,116.3298,12376100,0.85
196.32,198.95,193.02,198.52,115.3876,14944000,0.0
189.78,197.41,188.2,196.39,114.1495,18795600,0.0
185.58,196.85,183.2,192.45,111.8594,31507600,0.0
190.76,191.14,181.85,186.01,108.1163,22998800,0.0
196.36,197.2,189.74,191.41,111.2549,11920500,0.0
192.48,195.81,188.9,195.58,113.6787,18637100,0.0
197.57,199.99,193.19,193.7,112.586,23194300,0.0
196.6,199.27,192.14,199.1,115.7247,19518700,0.0
188.34,195.8299,187.0,195.14,113.423,18002600,0.0
195.22,198.08,188.6,189.08,109.9007,21714900,0.0
195.98,198.26,193.2,194.3,112.9347,17970000,0.0
199.92,201.4679,195.16,195.88,113.8531,22381000,0.0
203.96,204.77,199.06,201.17,116.9278,17219400,0.85
206.71,208.929,204.4,204.99,118.6476,14699600,0.0
197.89,208.17,196.791,206.81,119.701,20048100,0.0
204.74,207.64,197.521,199.6,115.5279,30566700,0.0
204.4,206.17,202.17,202.8,117.3801,17522600,0.0
208.96,210.69,204.46,205.47,118.9254,15692400,0.0
206.45,209.12,206.02,208.65,120.766,16007300,0.0
205.71,206.53,203.702,205.48,118.9312,17132200,0.0
200.93,207.52,200.23,206.01,119.238,25846100,0.0
198.36,201.19,196.812,200.62,116.1183,21823600,0.0
196.78,199.17,196.1,198.81,115.0707,19330600,0.0
193.73,199.23,192.46,197.76,114.4629,17955300,0.0
193.31,193.86,190.831,193.42,111.9509,17149800,0.0
192.48,194.46,191.28,192.42,111.3721,18144100,0.75
189.39,194.81,188.22,193.64,111.6443,22703600,0.0
187.91,192.79,187.67,190.46,109.8109,22822200,0.0
180.36,188.97,179.32,188.52,108.6923,32020900,0.0
182.2,183.72,177.3472,179.16,103.2958,26633200,0.0
186.73,188.71,182.31,182.54,105.2445,19352900,0.0
184.97,186.48,183.34,183.88,106.0171,12119700,0.0
184.51,187.33,179.04,184.75,106.5187,27166800,0.0
193.64,194.3,181.91,183.57,105.8384,30186100,0.0
191.18,194.9,190.32,194.56,112.1747,24142900,0.0
182.71,191.33,180.67,189.66,109.3496,25843600,0.0
183.37,183.96,177.06,177.06,102.085,16357400,0.0
189.17,189.97,183.39,185.24,106.8012,25522100,0.0
186.22,187.88,181.16,187.38,108.0351,20903100,0.75
185.59,187.78,180.74,186.38,107.0298,22918900,0.0
181.51,188.07,179.03,187.45,107.6443,28719000,0.0
189.71,190.16,176.17,181.63,104.3021,46796000,0.0
183.0,190.53,182.9,190.53,109.413,26220900,0.0
174.36,183.72,168.88,182.39,104.7385,38117800,0.0
170.96,180.91,169.86,174.87,100.4201,36868400,0.0
169.5,177.67,165.76,169.34,97.2445,31790500,0.0
159.64,172.99,158.76,172.99,99.3405,33464200,0.0
163.06,169.58,160.81,161.37,92.6677,25328900,0.0
170.58,173.72,166.0,166.98,95.8893,26288300,0.0
161.35,169.33,157.62,169.14,97.1297,33789200,0.0
171.32,174.0,157.13,157.54,90.4683,47511700,0.0
168.83,172.61,161.85,168.2,96.5899,56678700,0.75
182.6,183.69,166.52,172.98,98.8886,41229200,0.0
183.89,184.96,179.73,181.85,103.9594,26294400,0.0
174.73,185.63,173.58,185.18,105.8631,37500900,0.0
174.9,176.32,173.84,175.54,100.3521,23838300,0.0
173.52,177.77,173.52,176.49,100.8952,20777900,0.0
165.74,174.65,165.21,174.54,99.7804,23400700,0.0
163.7,166.81,163.59,165.07,94.3666,22978000,0.0
164.44,165.1,161.52,164.44,94.0065,29385600,0.0
164.76,165.96,162.87,163.18,93.2862,20640600,0.0
168.44,169.89,164.13,165.05,94.3552,23342600,0.0
168.58,168.69,165.9,167.5,95.7558,22718600,0.0
169.81,171.41,166.53,170.16,97.2765,25997900,0.0
168.39,172.77,167.82,169.92,97.1393,23498700,0.0
172.11,173.54,167.5,168.89,96.5504,29465600,0.75
167.65,173.0,167.23,170.58,97.0854,26858900,0.0
164.64,168.45,162.19,168.28,95.7764,29758000,0.0
163.44,166.34,162.3,166.21,94.5983,22168000,0.0
164.42,164.75,163.16,164.05,93.3689,17602700,0.0
161.54,164.42,161.12,164.27,93.4941,19066300,0.0
157.64,162.74,157.07,162.18,92.3046,25371800,0.0
161.16,161.9804,151.71,155.89,88.7246,41798000,0.0
161.6,167.72,158.85,162.43,92.4469,31095800,0.0
162.36,164.31,159.41,161.83,92.1054,21537300,0.0
163.57,164.26,159.03,162.28,92.3615,21433300,0.0
164.18,164.84,162.52,164.84,93.8185,18590000,0.0
164.08,166.25,163.18,163.85,93.2551,26097300,0.65
159.18,164.2,158.68,164.0,92.9765,25371100,0.0
155.42,164.35,155.33,159.21,90.2609,32502900,0.0
149.82,156.78,149.38,155.5,88.1576,35766800,0.0
147.58,150.0,146.75,150.0,85.0395,19878500,0.0
147.21,148.86,146.64,147.93,83.8659,23486200,0.0
145.12,147.5,145.0,146.76,83.2026,14684300,0.0
145.39,146.4,144.33,145.89,82.7094,13585400,0.0
145.14,146.01,144.15,145.0,82.2048,28194800,0.0
144.54,146.2999,143.52,144.82,82.1028,21020900,0.0
143.53,145.85,141.28,145.38,82.4203,28622500,0.0
144.0,146.44,142.33,143.9,81.5812,15256400,0.0
143.89,145.35,141.18,145.05,82.2332,24207800,0.0
145.35,147.53,143.35,143.74,81.4905,24816000,0.65
143.64,146.93,142.32,146.92,82.9253,27101400,0.0
140.42,144.0,138.53,143.6,81.0514,32583300,0.0
140.9,143.03,136.7,139.67,78.8332,41753800,0.0
138.79,142.1,138.27,141.06,79.6178,31299400,0.0
135.23,139.09,134.39,138.85,78.3704,26027000,0.0
133.51,136.28,133.51,135.64,76.5586,30834900,0.0
130.24,134.15,130.11,134.11,75.695,28357000,0.0
128.63,130.6,128.43,130.19,73.4825,29966700,0.0
126.99,128.29,125.39,127.99,72.2407,16686200,0.0
125.08,127.6,122.28,127.58,72.0093,25097500,0.0
127.57,128.03,122.42,124.73,70.4007,28851700,0.0
127.47,130.195,126.96,127.5,71.9642,24839400,0.0
130.79,132.49,127.33,127.87,72.173,27721100,0.0
129.25,131.98,128.76,130.14,73.4542,26753600,0.65
128.18,129.5,127.04,128.4,72.112,29087100,0.0
128.67,130.38,122.93,128.38,72.1007,45328500,0.0
127.37,131.6,127.16,128.03,71.9042,30691500,0.0
123.58,128.2,122.17,127.96,71.8649,22776300,0.0
127.65,129.47,120.61,121.86,68.439,39925900,0.0
131.42,131.94,127.12,127.12,71.3931,35729700,0.0
128.5,131.25,128.34,130.15,73.0948,34958900,0.0
125.57,128.8,122.82,128.45,72.1401,36446000,0.0
124.69,128.22,124.2,125.28,70.3597,31155200,0.0
125.26,126.39,121.47,125.26,70.3485,40594400,0.0
130.68,131.99,121.4,125.42,70.4384,52738700,0.0
126.27,133.1,125.06,131.19,73.6789,52007600,0.0
129.39,130.14,116.0,122.1,68.5738,43103500,0.65
129.76,132.0,128.71,129.0,72.0709,35378000,0.0
130.38,132.28,127.77,129.99,72.624,46345200,0.0
128.57,132.17,127.84,130.63,72.9816,35328700,0.0
128.38,129.8,127.12,128.76,71.9368,24394000,0.0
129.3,129.95,127.55,128.25,71.6519,17954900,0.0
127.11,130.73,126.57,129.26,72.2162,31453700,0.0
127.4,128.93,126.78,127.71,71.3502,32679700,0.0
127.06,128.37,125.2,127.94,71.4787,33736000,0.0
127.5,129.09,125.47,127.25,71.0932,29153500,0.0
127.3,128.27,125.57,127.16,71.0429,23624900,0.0
124.91,128.06,124.11,127.19,71.0597,24433700,0.0
123.15,124.2,121.61,124.0,69.2775,30088800,0.55
123.23,126.07,121.83,122.97,68.3934,35063800,0.0
126.33,127.75,121.9,122.39,68.0708,42786400,0.0
131.63,134.25,125.37,125.5,69.8005,48810900,0.0
131.06,132.89,128.67,131.78,73.2933,35873500,0.0
131.18,132.97,128.91,130.85,72.7761,28639800,0.0
130.99,132.85,130.68,130.9,72.8039,18075000,0.0
127.8,130.57,127.68,130.57,72.6203,18700700,0.0
129.65,129.98,127.0,127.91,71.1409,34452500,0.0
126.88,129.77,126.11,129.68,72.1253,29242700,0.0
125.12,128.9,124.92,127.25,70.7738,30307700,0.0
127.7,128.94,124.26,125.7,69.9118,19106900,0.0
127.17,128.655,126.46,126.96,70.6125,23482700,0.0
123.92,127.8,123.49,127.03,70.6515,31065000,0.0
120.61,123.5,119.5,123.49,68.6826,30790900,0.55
120.61,124.3,119.15,120.61,66.7834,38785400,0.0
121.76,124.11,120.0,120.36,66.6449,36292000,0.0
125.44,128.61,121.25,121.64,67.3537,55978800,0.0
118.9,126.0,118.13,125.93,69.7291,37825500,0.0
120.52,122.0,117.26,119.02,65.903,37380100,0.0
121.03,122.74,120.1,121.08,67.0436,26232600,0.0
117.0,122.88,116.94,122.11,67.6139,40859700,0.0
117.94,119.25,116.16,118.05,65.3659,21828700,0.0
117.1,118.93,115.15,117.46,65.0392,25309900,0.0
119.92,120.88,117.51,118.22,65.46,26123700,0.0
116.69,120.01,116.12,119.9,66.3902,27622200,0.0
118.17,119.96,117.32,118.57,65.6538,25401100,0.0
118.88,119.96,116.7,119.33,66.0746,27893800,0.55
116.95,119.37,116.05,117.93,64.9949,28085700,0.0
114.53,118.15,114.39,117.64,64.835,42520000,0.0
101.28,115.53,100.19,115.42,63.6115,58793700,0.0
101.57,102.78,99.5,100.83,55.5705,34208000,0.0
105.99,106.27,101.73,101.73,56.0665,24758400,0.0
105.18,106.785,103.51,105.68,58.2435,30871700,0.0
107.63,109.14,105.5,105.89,58.3593,42930700,0.0
106.64,110.64,105.5,108.21,59.6379,38913000,0.0
106.94,108.8,105.11,107.24,59.1033,35592300,0.0
101.32,106.5,101.02,106.28,58.5742,27330100,0.0
102.0,106.12,101.74,101.89,56.1547,34599500,0.0
101.09,104.38,100.57,101.37,55.8681,42229200,0.0
105.26,106.82,99.83,101.49,55.9343,42691700,0.55
99.61,106.05,99.25,104.61,57.3523,46394300,0.0
100.29,103.86,98.2,100.08,54.8687,59469300,0.0
100.28,102.04,96.44,101.27,55.5211,41711800,0.0
100.9,102.45,98.52,101.7,55.7569,32887100,0.0
92.0,102.66,91.8,102.22,56.042,64912500,0.0
93.7,99.86,92.75,94.15,51.6176,60950700,0.0
91.34,95.0,89.41,92.51,50.7185,63330900,0.0
84.7,90.65,83.02,90.36,49.5398,61831600,0.0
91.17,91.9,83.81,85.81,47.0452,74483600,0.0
89.3,93.28,82.85,92.03,50.4553,77805700,0.0
91.73,92.49,87.34,88.79,48.679,42419500,0.0
95.93,96.98,92.2,93.84,51.4477,49132900,0.0
90.6,97.1,89.69,96.14,52.7086,53659500,0.5
89.77,94.94,89.52,91.65,49.987,50819300,0.0
84.76,91.6,81.76,89.49,48.8089,61309500,0.0
84.57,86.6,82.11,84.92,46.3164,48180000,0.0
86.42,90.41,84.25,84.7,46.1964,41092400,0.0
81.72,87.59,79.68,87.37,47.6527,26062900,0.0
83.27,83.45,79.92,81.33,44.3584,18974200,0.0
82.51,87.27,80.0,83.52,45.5528,50128100,0.0
82.57,85.88,78.06,82.2,44.8329,49785100,0.0
80.95,81.5,75.31,80.59,43.9548,51454000,0.0
75.74,82.4,75.0,81.6,44.5056,39691800,0.0
79.4,81.0,69.5,74.88,40.8405,73411500,0.0
87.99,88.1,75.4,80.33,43.813,58194400,0.0
92.64,94.76,84.25,86.27,47.0527,47015300,0.5
80.27,94.19,79.01,92.97,50.411,60537100,0.0
92.21,93.31,78.82,82.07,44.5007,58306900,0.0
90.44,99.0,84.35,90.78,49.2235,75048600,0.0
101.21,103.0,83.51,87.75,47.5805,86848900,0.0
117.44,118.43,103.03,103.44,56.0881,62809100,0.0
118.45,121.99,114.14,119.42,64.7529,34730600,0.0
115.36,124.0,110.61,118.85,64.4438,66307100,0.0
118.0,119.95,115.0,118.97,64.5089,46783800,0.0
122.87,124.0,113.17,114.33,61.9929,42011600,0.0
124.48,125.45,121.5,121.73,66.0054,30493600,0.0
126.49,127.0,121.55,124.93,67.7406,34457400,0.0
128.43,128.43,124.4,126.36,68.516,32724200,0.0
126.77,129.97,126.25,128.81,69.8444,34413900,0.5
127.69,129.5,126.13,126.64,68.403,28699300,0.0
129.83,130.93,127.26,128.53,69.4238,45950300,0.0
121.8,130.0,119.9,129.89,70.1584,59542700,0.0
119.62,124.5,119.62,122.12,65.9616,47346100,0.0
119.99,120.78,116.6,119.54,64.568,32716800,0.0
123.0,125.83,118.26,120.05,64.8435,41907700,0.0
125.46,127.14,122.36,122.74,66.2964,35367900,0.0
125.38,126.722,122.86,126.15,68.1383,31303600,0.0
128.67,129.37,124.74,124.94,67.4847,35309300,0.0
124.01,129.99,124.0,129.43,69.91,33079200,0.0
127.68,128.21,123.02,124.2,67.085,31469600,0.0
123.8,128.83,123.56,127.82,69.0403,40848500,0.0
122.76,125.17,120.78,124.06,67.0094,38973400,0.5
122.98,124.43,120.5,123.18,66.2672,36106300,0.0
122.05,124.9,122.05,123.08,66.2134,32273700,0.0
116.2,125.0,115.54,124.4,66.9235,67195200,0.0
116.37,119.22,115.28,116.0,62.4046,38989700,0.0
113.95,118.37,113.34,115.76,62.2755,42376300,0.0
118.57,119.79,114.21,114.57,61.6353,41496800,0.0
113.0,118.5,113.0,118.33,63.658,39979100,0.0
113.12,118.0,112.69,115.2301,61.9904,48594600,0.0
114.09,116.41,111.8,113.94,61.2964,39506500,0.0
107.68,116.63,107.43,113.86,61.2533,54366700,0.0
106.79,109.6,104.53,108.07,58.1385,31292600,0.0
102.9,108.93,102.87,106.16,57.1109,33932900,0.0
108.4,109.0,100.6,103.27,55.5562,40641500,0.4
104.41,109.4,103.7,109.08,58.4561,39007500,0.0
99.16,107.79,98.5,104.52,56.0124,57768700,0.0
105.0,106.72,100.05,103.4,55.4122,78126300,0.0
100.355,101.0,97.04,97.67,52.3415,52601500,0.0
109.25,110.0,100.48,101.13,54.1957,33799300,0.0
111.2,112.19,109.108,110.09,58.9974,16539900,0.0
105.37,111.16,104.0,111.05,59.5118,43481700,0.0
109.0,110.4,104.1,105.77,56.6823,36725700,0.0
105.45,110.0,104.58,108.86,58.3382,31672000,0.0
104.4,109.19,101.5,105.18,56.3661,46569900,0.0
104.34,105.39,101.34,104.05,55.7605,27820500,0.0
101.89,106.42,100.7,104.79,56.1571,50102700,0.0
115.11,115.11,99.27,100.2542,53.7263,62718300,0.4
113.9,116.25,113.28,114.59,61.1886,30044700,0.0
110.97,114.8,110.96,113.73,60.7293,32762600,0.0
117.95,119.94,111.8,112.28,59.9551,53958800,0.0
116.1,121.46,115.88,117.81,62.908,35082300,0.0
117.61,119.6,115.0,116.3,62.1017,33529800,0.0
116.9,118.5,115.79,117.8,62.9026,33029400,0.0
114.7,118.1,114.3,116.78,62.358,38076800,0.0
116.15,117.78,114.65,115.13,61.4769,32211300,0.0
116.34,118.89,115.33,115.55,61.7012,28916300,0.0
113.0,117.35,111.63,116.69,62.3099,32617900,0.0
110.9,113.25,108.08,113.24,60.4677,39957700,0.0
112.99,113.95,103.7,110.9,59.2182,55388900,0.0
111.97,114.6,109.7,112.64,60.1473,41626500,0.4
115.62,115.75,110.02,111.89,59.536,66192100,0.0
114.88,118.82,114.85,115.62,61.5208,64841000,0.0
108.57,116.48,108.42,114.81,61.0898,55626100,0.0
108.73,109.65,108.1,108.6,57.7855,34811600,0.0
105.39,109.66,104.58,109.03,58.0143,24567300,0.0
104.73,106.92,104.1,105.25,56.0029,31559100,0.0
105.27,107.02,104.44,104.44,55.5719,35051000,0.0
102.87,105.19,102.1,105.09,55.9178,34517000,0.0
106.5,106.59,101.56,103.07,54.843,63185700,0.0
105.57,107.67,105.21,106.54,56.6893,23208200,0.0
107.15,108.0,103.57,105.18,55.9657,30271700,0.0
105.81,108.05,104.53,107.99,57.4609,35014200,0.0
102.76,105.99,102.21,105.98,56.3914,34979100,0.4
101.11,103.17,100.97,102.96,54.5731,38307800,0.0
95.35,101.7,95.05,101.17,53.6243,58275300,0.0
94.99,97.66,93.911,94.58,50.1313,51786700,0.0
96.43,96.94,94.53,94.93,50.3169,27497000,0.0
94.51,96.75,94.06,96.52,51.1596,19197800,0.0
94.84,95.25,93.57,94.26,49.9617,34042800,0.0
93.95,95.81,93.39,95.03,50.3699,26906600,0.0
93.29,94.47,92.1,93.25,49.4264,36423000,0.0
90.25,94.85,90.1,93.28,49.4423,43505100,0.0
97.86,97.86,88.77,90.9,48.1808,52427400,0.0
98.66,99.5,97.41,97.73,51.801,20682500,0.0
98.8,99.52,97.8,98.99,52.4688,27047900,0.0
99.17,100.44,97.81,98.55,52.2356,34668400,0.3
98.1,99.73,97.45,99.17,52.4063,34172300,0.0
96.42,97.92,96.12,97.45,51.4974,41549100,0.0
99.4,100.9,94.55,96.17,50.8209,58474800,0.0
98.5,100.33,97.93,99.34,52.4961,44830200,0.0
97.17,98.79,96.26,97.42,51.4815,26942600,0.0
95.0,97.88,94.92,97.15,51.3388,15807900,0.0
94.95,96.5,94.8,95.25,50.3348,24009800,0.0
93.72,95.8,93.3,95.3,50.3612,30414900,0.0
92.5,94.87,92.25,93.86,49.6002,28792200,0.0
92.71,93.24,90.43,91.25,48.221,27785200,0.0
93.77,93.8,92.8,93.35,49.3307,13559900,0.0
91.75,94.05,91.41,93.81,49.5738,23826600,0.0
91.5,93.4,91.5,91.76,48.4905,29456500,0.3
90.3,92.68,89.8,91.41,48.1495,30108500,0.0
90.05,92.0,90.01,90.76,47.8071,35037300,0.0
86.08,92.04,85.75,90.48,47.6597,67866100,0.0
83.14,86.21,83.0,86.08,45.342,26864000,0.0
81.76,83.78,81.56,83.14,43.7934,25738600,0.0
81.64,82.79,81.28,81.94,43.1613,25658300,0.0
82.56,83.79,81.01,81.21,42.7767,30290000,0.0
80.6,83.59,80.25,82.94,43.688,27425800,0.0
81.19,81.54,79.31,80.66,42.487,16108000,0.0
79.91,81.68,79.76,81.41,42.8821,22236900,0.0
79.51,80.0,78.42,79.88,42.0762,18060100,0.0
75.85,79.97,75.6,79.9,42.0867,29303900,0.0
75.63,76.28,75.05,75.48,39.7585,19054700,0.3
76.44,77.5,74.9,75.91,39.8264,20900500,0.0
74.92,77.3,74.92,76.96,40.3773,25666400,0.0
73.34,77.06,72.73,74.86,39.2755,50614500,0.0
76.18,76.83,73.37,73.57,38.5987,37325800,0.0
77.54,78.53,76.12,76.42,40.094,18199800,0.0
77.04,77.93,76.06,76.82,40.3038,26797500,0.0
78.06,78.56,76.94,77.1,40.4507,27070000,0.0
77.68,78.78,76.82,77.95,40.8967,33150500,0.0
79.1,80.74,76.75,78.01,40.9282,40341000,0.0
80.35,80.96,79.15,79.52,41.7204,23532800,0.0
79.94,81.3,79.0,80.75,42.3657,26222700,0.0
81.8,83.25,79.51,80.28,42.1191,28629900,0.0
82.6,83.69,82.3,82.39,43.2262,22319900,0.3
82.59,83.55,82.0,82.98,43.3787,24540000,0.0
81.3,84.4,81.1,82.34,43.0441,36485300,0.0
81.77,84.0,81.26,81.66,42.6887,35449300,0.0
82.49,82.74,80.63,81.98,42.8559,18292300,0.0
82.72,84.45,82.44,82.48,43.1173,23780100,0.0
82.98,83.7,82.2,82.47,43.1121,23139800,0.0
83.11,84.99,82.93,83.36,43.5774,25547800,0.0
81.56,83.76,81.45,83.3,43.546,25173700,0.0
80.05,82.25,79.86,81.57,42.6416,23708100,0.0
80.0,80.89,79.51,79.96,41.8,23693200,0.0
80.1,81.65,79.85,80.1,41.8732,20014900,0.0
81.33,81.91,80.13,80.71,42.192,26994200,0.0
79.94,81.46,78.93,81.33,42.5161,32826100,0.2
81.02,82.24,79.72,79.97,41.702,33566000,0.0
81.33,82.15,80.59,81.02,42.2495,32471000,0.0
82.8,84.7,81.25,81.36,42.4268,34792500,0.0
83.9,84.81,82.5,83.17,43.3707,30173200,0.0
82.45,85.03,80.81,84.95,44.2989,36958200,0.0
83.48,84.5,81.56,82.2,42.8649,17622000,0.0
83.23,84.2,82.06,83.48,43.5323,27298200,0.0
87.01,87.35,82.75,83.37,43.475,39305300,0.0
88.4,89.92,86.33,86.97,45.3523,26427900,0.0
88.8,89.94,88.36,88.65,46.2283,25765400,0.0
87.6,89.39,86.88,88.8,46.3066,18193100,0.0
84.25,88.0,84.03,87.77,45.7694,30719600,0.0
83.1,84.84,82.3,84.55,44.0903,21762600,0.2
81.51,83.3,80.64,83.0,43.1782,31154000,0.0
83.15,83.95,80.5,81.42,42.3562,25793400,0.0
82.36,84.6,81.93,83.33,43.3498,39286100,0.0
81.24,83.52,81.08,82.35,42.84,36349300,0.0
80.22,81.47,78.7,80.5,41.8776,30921800,0.0
78.31,80.55,76.93,80.22,41.732,30116700,0.0
79.74,79.98,77.3,78.0,40.5771,31701800,0.0
81.03,82.11,79.67,80.33,41.7892,25110400,0.0
79.7,81.52,79.7,81.44,42.3666,18681300,0.0
80.0,81.75,79.34,79.46,41.3366,25171500,0.0
82.75,83.35,80.26,80.38,41.8152,22210500,0.0
81.9,83.3,80.8,82.76,43.0533,22885800,0.0
83.41,84.01,81.62,82.19,42.7568,22568800,0.2
83.0,84.2,82.73,83.36,43.2617,22265700,0.0
83.98,84.52,82.81,83.46,43.3136,24382900,0.0
81.99,85.11,81.68,84.44,43.8221,45014200,0.0
79.4,82.75,78.52,82.38,42.7531,45662500,0.0
74.38,79.52,74.16,79.3,41.1546,37388800,0.0
74.01,75.68,73.45,74.67,38.7518,30677800,0.0
76.03,77.49,74.0,74.01,38.4092,33289800,0.0
74.5,77.73,74.45,76.39,39.6444,33568000,0.0
75.8,76.09,74.1,74.77,38.8037,24804200,0.0
76.6,77.5,75.5,75.79,39.333,23975100,0.0
76.3,77.41,75.17,77.1,40.0129,24899800,0.0
73.09,77.64,73.09,76.41,39.6548,34306900,0.0
75.26,75.46,72.5,73.16,37.9681,33727100,0.0
76.88,78.11,74.97,75.26,39.058,39063200,0.2
75.24,77.18,74.05,76.38,39.5342,51112000,0.0
77.15,77.75,71.85,74.21,38.411,70090000,0.0
87.35,87.56,76.33,76.7,39.6998,62144400,0.0
90.08,90.62,87.5,87.6,45.3416,27677900,0.0
90.71,91.76,90.04,90.44,46.8116,25553000,0.0
89.42,91.55,89.26,90.7,46.9462,18904100,0.0
91.5,92.27,89.09,89.28,46.2112,25767500,0.0
92.35,93.0,91.2,91.51,47.3654,24562700,0.0
92.53,93.73,92.2,92.37,47.8106,22028900,0.0
92.67,93.5,91.55,92.8,48.0331,18680300,0.0
93.16,94.97,92.55,93.27,48.2764,20002800,0.0
94.35,94.9,92.3,93.3,48.2919,21103700,0.18
93.65,94.74,93.0,94.51,48.8248,19731000,0.0
92.7,93.59,91.44,92.89,47.9879,27667500,0.0
93.65,95.34,92.23,92.38,47.7245,28556000,0.0
95.78,96.2,93.55,94.1,48.613,26060300,0.0
98.97,99.1,95.47,95.78,49.4809,27415300,0.0
97.69,99.0,97.37,98.58,50.9275,17501200,0.0
96.35,98.0,96.35,97.72,50.4832,18152400,0.0
96.85,98.15,96.08,96.2,49.6979,27720400,0.0
96.88,98.25,95.71,96.67,49.9407,26952800,0.0
94.94,97.63,94.24,97.08,50.1525,29413700,0.0
94.3,95.79,94.16,94.72,48.9333,17298900,0.0
95.08,96.63,94.25,94.45,48.7939,27259900,0.0
92.5,95.5,92.5,95.32,49.2433,28090600,0.18
89.33,93.52,89.23,93.28,48.0967,30762600,0.0
87.36,90.27,87.31,89.75,46.2766,27890400,0.0
84.3,89.73,84.29,87.39,45.0597,39927800,0.0
86.77,87.2,84.3,84.85,43.7501,24456500,0.0
87.0,88.1,86.51,86.71,44.7091,21303400,0.0
84.1,86.98,83.88,86.72,44.7143,22465000,0.0
85.4,86.43,83.24,84.43,43.5335,23167900,0.0
87.0,87.28,85.44,85.74,44.2089,23207800,0.0
84.7,87.0,84.6,86.76,44.7349,17994900,0.0
84.57,85.09,83.65,84.39,43.5129,17286100,0.0
85.23,85.45,84.35,84.94,43.7965,16955800,0.0
83.7,85.35,83.51,85.25,43.9563,21524300,0.0
83.48,84.99,81.9,83.91,43.2654,26196900,0.0
86.87,87.39,83.42,83.48,43.0437,20815300,0.18
84.85,87.4,84.51,87.07,44.7981,22923000,0.0
84.5,87.11,84.4,84.85,43.6559,28063300,0.0
84.0,86.48,83.42,84.28,43.3627,35836700,0.0
86.5,86.73,83.51,83.89,43.162,26209600,0.0
89.71,89.9,86.57,87.04,44.7827,21510400,0.0
90.4,90.92,88.94,89.55,46.0741,22021500,0.0
90.05,91.21,89.62,90.06,46.3365,22426400,0.0
88.75,90.75,88.01,90.46,46.5423,18366900,0.0
88.09,88.64,87.3,87.56,45.0502,15611800,0.0
87.75,89.08,86.55,88.59,45.5802,20742800,0.0
85.3,88.88,85.15,87.13,44.829,26694400,0.0
87.6,88.15,85.12,86.41,44.4586,31619400,0.0
88.13,89.75,87.2012,88.19,45.3744,25650700,0.18
90.75,91.99,88.01,88.17,45.2719,26790300,0.0
91.9,92.48,89.7,91.28,46.8687,26094200,0.0
93.5,94.36,91.04,92.28,47.3822,31404700,0.0
93.95,94.39,92.51,93.12,47.8135,16201400,0.0
92.99,94.55,91.35,94.2,48.368,25046900,0.0
91.27,93.25,90.28,92.77,47.6338,27482700,0.0
92.6,93.79,90.88,91.62,47.0433,27477500,0.0
96.49,96.88,91.15,93.3,47.9059,32862500,0.0
96.5,97.6,95.56,96.45,49.5233,21755500,0.0
97.4,97.51,95.2,96.5,49.549,25680600,0.0
99.99,100.0,97.19,97.31,49.9649,19898100,0.0
99.31,100.31,98.41,99.71,51.1972,20479500,0.0
99.15,100.43,98.25,98.94,50.8018,31683700,0.16
97.9,99.85,96.55,99.23,50.8685,30864500,0.0
96.0,98.21,95.73,97.9,50.1867,25889600,0.0
91.21,95.65,89.01,95.32,48.8641,48592000,0.0
92.0,93.38,91.0,91.21,46.7572,28694600,0.0
93.1,93.73,91.2,91.55,46.9315,18092000,0.0
92.83,93.5,92.18,92.9,47.6235,11178100,0.0
93.43,94.12,91.88,93.14,47.7465,33482600,0.0
90.52,93.16,90.52,92.71,47.5261,30943400,0.0
90.9,91.48,90.03,90.64,46.465,27735300,0.0
89.03,90.68,88.95,90.54,46.4137,15370200,0.0
89.9,90.18,88.23,88.63,45.4346,25235500,0.0
89.55,91.48,88.89,90.25,46.265,28880700,0.0
89.9,90.84,87.72,88.26,45.2449,28479700,0.16
88.8,90.71,88.05,89.48,45.7883,28610800,0.0
89.35,89.4,87.53,88.42,45.2459,29376600,0.0
93.1,94.54,88.66,89.23,45.6604,47597600,0.0
90.74,93.6,90.4,92.67,47.4207,27727600,0.0
89.25,91.95,87.9,90.64,46.3819,35612700,0.0
92.24,92.24,89.0,89.05,45.5683,34494900,0.0
89.7,93.47,88.39,93.28,47.7328,42039300,0.0
88.45,89.97,86.4,88.7,45.3892,41601200,0.0
82.4,88.29,82.3,86.95,44.4937,41027800,0.0
82.85,83.03,81.27,82.01,41.9658,24293600,0.0
82.05,84.72,81.9,82.97,42.457,30615500,0.0
80.87,82.19,80.28,81.79,41.8532,22220100,0.0
80.75,81.36,78.73,80.88,41.3876,30290600,0.16
83.67,83.7,80.05,81.27,41.5039,34886500,0.0
83.2,83.74,81.51,83.55,42.6682,33171000,0.0
86.0,87.03,82.5,83.72,42.7551,45286100,0.0
84.8,86.75,83.47,84.89,43.3526,32242400,0.0
83.9,84.89,81.4,83.95,42.8725,22755900,0.0
84.79,84.79,82.09,83.42,42.6018,27829700,0.0
83.1,85.29,82.55,84.92,43.3679,37484300,0.0
80.0,84.98,79.81,82.75,42.2597,41268000,0.0
89.0,89.08,79.84,80.05,40.8808,69955400,0.0
84.51,88.7,84.51,88.04,44.9612,26786400,0.0
88.05,88.47,84.89,85.26,43.5415,32835800,0.0
87.55,90.4,87.1,88.99,45.4464,38800700,0.0
87.2,88.34,85.75,87.55,44.711,35257500,0.16
84.05,87.57,83.62,87.57,44.6388,39359000,0.0
84.4,86.06,82.6,83.88,42.7578,36064700,0.0
78.5,84.4,78.16,84.26,42.9515,42212300,0.0
82.6,82.9,78.13,78.75,40.1428,39935800,0.0
79.26,83.48,78.12,80.79,41.1827,46339300,0.0
82.46,84.0,80.5,80.85,41.2133,42576300,0.0
78.0,84.9,77.84,84.9,43.2778,58133300,0.0
77.45,79.48,73.17,79.0,40.2703,48104400,0.0
78.9,79.0,75.71,77.9,39.7095,32954000,0.0
79.7,79.99,76.75,77.95,39.735,39649300,0.0
78.02,80.05,77.91,79.95,40.7545,26970500,0.0
77.1,78.97,74.31,77.45,39.4801,41674400,0.0
78.2,78.9,76.25,77.1,39.3017,37378500,0.15
77.99,81.3,77.02,78.2,39.7855,42173800,0.0
81.3,81.85,78.82,78.99,40.1874,34478700,0.0
88.31,88.95,81.18,81.3,41.3626,53450200,0.0
81.9,88.04,81.81,87.68,44.6086,50004000,0.0
77.0,81.65,75.6,81.65,41.5407,29764800,0.0
79.75,81.5,76.61,77.36,39.3581,20460800,0.0
79.6,81.79,78.24,79.79,40.5944,36539200,0.0
81.0,82.48,78.27,80.0,40.7012,37355200,0.0
88.6,89.46,81.07,82.32,41.8816,41270300,0.0
84.63,88.11,83.52,86.92,44.2219,28402500,0.0
80.8,85.17,77.84,84.43,42.9551,45101100,0.0
77.59,80.99,76.7,80.01,40.7063,49429400,0.0
81.99,83.81,77.2,77.59,39.4751,52109900,0.15
75.15,80.5,74.2,80.4,40.8296,56125400,0.0
73.65,75.9,71.75,74.56,37.8639,51727300,0.0
61.54,74.25,61.54,74.25,37.7065,72253200,0.0
56.6,63.92,54.01,63.92,32.4606,67066500,0.0
59.55,62.0,55.77,56.6,28.7433,60869200,0.0
63.75,64.88,59.55,60.36,30.6527,59368300,0.0
72.0,73.45,63.9,63.92,32.4606,59733100,0.0
72.45,77.5,71.31,72.5,36.8178,29374700,0.0
74.2,75.0,71.5,73.2,37.1733,24168200,0.0
80.4,80.89,75.1,75.38,38.2803,31535800,0.0
79.35,82.85,79.01,80.4,40.8296,37599000,0.0
71.05,79.98,70.61,79.35,40.2964,42544100,0.0
67.94,74.3,65.85,71.83,36.4775,38896400,0.15
70.37,72.7,67.12,67.88,34.397,50523500,0.0
71.25,72.19,65.7,66.4,33.647,64004300,0.0
68.4,74.2,66.6,72.0,36.4847,59368700,0.0
73.0,73.48,67.55,69.21,35.071,50325700,0.0
72.01,73.9,67.16,73.5,37.2448,37781700,0.0
67.25,73.62,66.1,72.0,36.4847,56342200,0.0
76.18,77.75,68.19,68.75,34.8379,51132700,0.0
77.75,78.8,73.25,76.17,38.5978,45826900,0.0
80.75,80.95,77.0,78.3,39.6771,37678900,0.0
82.8,83.11,80.22,80.45,40.7666,21571900,0.0
85.45,85.46,82.52,83.1,42.1095,25012600,0.0
80.25,86.49,79.5,85.69,43.4219,37347700,0.0
81.7,83.0,75.92,79.68,40.3764,61363200,0.15
84.71,85.23,81.11,81.78,41.3653,42862500,0.0
88.95,89.08,84.7,84.71,42.8474,31976500,0.0
86.5,90.03,84.0,89.0,45.0173,51860900,0.0
87.5,89.95,83.34,85.6,43.2975,110897800,0.0
104.0,104.0,97.25,97.25,49.1902,36348600,0.0
105.8,106.66,102.3,104.0,52.6045,25371800,0.0
107.1,108.64,104.7,105.6,53.4138,25381100,0.0
104.35,108.85,103.6,106.79,54.0157,42307200,0.0
103.35,107.5,103.13,105.09,53.1558,47715500,0.0
98.45,103.1,95.99,103.02,52.1088,51947900,0.0
101.5,101.8,95.76,98.45,49.7972,48524400,0.0
105.0,109.15,101.7,102.89,52.043,39939500,0.0
108.0,108.5,102.61,104.99,53.1052,35602600,0.14
109.5,110.21,101.0,108.0,54.5561,55992100,0.0
114.25,114.26,107.0,109.28,55.2027,38030400,0.0
120.0,120.55,112.81,114.25,57.7133,50634800,0.0
125.0,126.39,120.28,120.31,60.7745,31815400,0.0
122.75,125.6,119.8,125.6,63.4467,27402400,0.0
122.05,123.93,121.1,122.9,62.0828,13450200,0.0
120.15,124.7,120.15,122.0,61.6282,34859100,0.0
120.0,123.21,119.41,121.1,61.1735,36439000,0.0
114.8,121.98,113.21,120.4,60.8199,45132800,0.0
115.9,116.4,111.81,115.59,58.3902,29636100,0.0
114.7,116.8,113.05,115.35,58.2689,17282200,0.0
113.0,117.0,112.05,114.5,57.8396,36592100,0.0
109.95,115.56,109.0,114.08,57.6274,37385000,0.14
110.5,111.12,106.9,109.5,55.2459,37116500,0.0
102.65,112.1,101.9,111.16,56.0834,43172300,0.0
99.85,106.7,99.66,102.65,51.7899,63537500,0.0
98.03,101.0,94.9,100.84,50.8767,48258400,0.0
91.72,98.88,91.34,98.02,49.4539,46507700,0.0
91.8,96.0,87.49,91.72,46.2754,61809500,0.0
93.9,96.85,89.5,90.5,45.6598,75868900,0.0
96.0,97.4,95.59,96.47,48.6719,10311500,0.0
100.15,103.13,96.0,96.59,48.7324,41322600,0.0
106.99,108.2,98.86,99.95,50.4276,38331400,0.0
104.68,107.8,101.4,106.99,53.9795,33343800,0.0
105.0,106.85,103.66,104.59,52.7686,29688900,0.0
107.25,107.37,102.7,104.95,52.9503,26622100,0.14
104.9,110.09,104.76,108.18,54.5067,25049100,0.0
105.7,106.95,102.73,104.7,52.7533,32638300,0.0
108.53,109.38,103.03,105.7,53.2571,48299000,0.0
106.5,109.3,101.56,108.53,54.683,45082800,0.0
113.5,115.4,105.81,106.5,53.6602,25362500,0.0
113.75,116.95,111.1,113.5,57.1871,35230300,0.0
113.98,117.25,111.36,112.87,56.8697,33926900,0.0
116.3,118.47,113.38,113.6,57.2375,39520000,0.0
113.25,119.0,112.85,116.1,58.4972,29113600,0.0
117.35,117.59,111.64,112.89,56.8798,27279700,0.0
117.95,119.9,117.1,117.8,59.3537,34172800,0.0
111.2,117.68,111.0,117.44,59.1723,32527500,0.0
116.2,118.9,110.96,111.81,56.3356,37758700,0.14
116.4,118.95,111.2,115.86,58.3069,40113600,0.0
114.01,116.9,111.68,116.2,58.478,38874700,0.0
96.2,116.4,95.2,114.83,57.7885,77541600,0.0
98.5,101.94,93.8,96.2,48.4129,40874500,0.0
97.45,100.0,90.05,97.95,49.2936,61562900,0.0
95.25,100.0,93.75,96.18,48.4029,52337900,0.0
91.0,94.99,87.65,93.51,47.0592,56911400,0.0
97.9,98.9,88.2,90.1,45.3431,69318700,0.0
102.81,108.4,97.9,99.29,49.968,46134500,0.0
105.8,107.65,97.5,102.3,51.4828,59912700,0.0
114.55,115.6,100.25,104.0,52.3383,42890800,0.0
110.55,118.64,110.3,115.0,57.8741,36127100,0.0
109.4,118.2,109.3,112.0,56.3643,36346600,0.13
112.5,116.75,109.6,110.27,55.4321,32690400,0.0
109.5,115.25,107.62,114.19,57.4026,40283600,0.0
93.75,113.94,91.81,111.25,55.9247,55406000,0.0
93.5,96.44,91.25,93.81,47.1577,37351000,0.0
84.5,99.75,83.75,94.0,47.2532,44240800,0.0
89.0,89.56,82.12,85.0,42.729,31039700,0.0
88.37,94.44,80.06,89.0,44.7398,50218000,0.0
96.5,98.25,87.31,87.81,44.1416,41477400,0.0
96.0,104.75,93.12,97.0,48.7613,37530500,0.0
100.44,102.0,92.25,95.62,48.0676,32366400,0.0
101.5,104.37,98.31,99.94,50.2392,22641900,0.0
91.81,102.5,91.62,101.94,51.2446,29453200,0.0
99.87,103.75,93.0,93.0,46.7505,32715700,0.13
93.5,102.62,90.31,100.12,50.2644,39746400,0.0
94.75,95.0,86.94,93.69,47.0362,48790400,0.0
111.5,113.87,90.25,94.75,47.5684,73706800,0.0
115.94,119.37,103.12,109.06,54.7526,38085500,0.0
112.62,119.62,108.56,116.0,58.2368,43940700,0.0
124.5,126.62,110.25,112.62,56.5399,31360800,0.0
125.25,126.69,120.0,123.87,62.1879,22129500,0.0
127.87,129.19,122.75,125.0,62.7552,28000200,0.0
132.81,134.88,129.38,129.5,65.0143,20201600,0.0
129.88,134.94,129.56,133.63,67.0878,30751200,0.0
121.06,129.88,119.87,129.0,64.7633,24522100,0.0
120.0,123.69,119.31,120.44,60.4659,23739400,0.0
116.62,121.81,115.56,120.62,60.5562,29859300,0.13
110.5,116.5,110.06,115.87,58.108,24015800,0.0
114.12,115.62,108.87,111.81,56.0719,28454700,0.0
104.44,117.81,101.0,114.75,57.5463,52881600,0.0
104.69,105.94,101.0,103.94,52.1252,25072200,0.0
108.75,109.87,100.0,105.06,52.6868,38608400,0.0
113.0,115.75,108.62,109.56,54.9436,32971500,0.0
113.5,120.69,110.81,111.87,56.102,27864000,0.0
119.12,120.44,113.25,113.25,56.7941,26364000,0.0
108.44,122.31,108.44,119.69,60.0237,37831000,0.0
107.75,111.0,105.5,108.81,54.5674,18535800,0.0
106.0,112.25,103.44,106.94,53.6296,31197000,0.0
104.0,109.25,102.0,106.44,53.3789,29694500,0.0
108.06,110.62,102.06,104.44,52.3759,33410400,0.13
112.5,113.62,106.5,107.87,54.032,22151300,0.0
102.0,113.94,101.25,111.5,55.8503,35488400,0.0
103.87,115.12,102.06,104.0,52.0935,43482800,0.0
124.75,125.37,102.87,105.0,52.5944,42149600,0.0
120.0,128.0,115.06,123.12,61.6707,47344000,0.0
125.0,128.25,117.06,118.37,59.2915,44498000,0.0
110.0,122.25,109.94,120.62,60.4185,38090900,0.0
104.0,111.69,102.5,110.0,55.0989,36990400,0.0
109.94,111.0,101.0,105.25,52.7197,42586200,0.0
104.62,110.0,99.5,108.0,54.0971,51128300,0.0
112.0,113.44,104.94,108.0,54.0971,34514300,0.0
116.0,118.87,111.5,112.5,56.3512,26599300,0.0
116.0,119.75,113.12,115.37,57.7888,26814500,0.12
111.37,118.44,109.12,115.62,57.8556,32834200,0.0
121.87,122.87,110.06,111.56,55.824,33325200,0.0
119.69,124.75,112.69,121.5,60.7979,41930500,0.0
117.25,123.31,115.37,119.62,59.8571,42663900,0.0
112.44,119.75,110.62,113.5,56.7947,51137300,0.0
109.69,110.75,106.62,107.87,53.9775,16812500,0.0
109.06,110.44,107.75,108.62,54.3528,18144100,0.0
108.12,112.75,104.5,110.0,55.0434,38810100,0.0
113.0,122.12,107.56,109.0,54.543,58626000,0.0
104.94,112.87,102.12,111.87,55.9791,37670000,0.0
105.5,109.87,101.81,105.0,52.5414,37165600,0.0
96.0,105.12,92.62,103.94,52.011,61550800,0.0
90.5,97.5,90.5,95.87,47.9728,43569700,0.12
