date,open,high,low,close,adjusted_close,volume,dividend_amount
2025-05-09,203.1,204.1,193.25,198.53,198.53,275784672,0.0
2025-05-02,210.0,214.56,202.16,205.35,205.35,286233457,0.0
2025-04-25,193.265,209.75,189.8112,209.28,209.28,238181320,0.0
2025-04-17,211.44,212.94,192.37,196.98,196.98,264593881,0.0
2025-04-11,177.2,200.61,169.2101,198.15,198.15,675037558,0.0
2025-04-04,217.005,225.62,187.34,188.38,188.38,366947884,0.0
2025-03-28,221.0,225.02,217.68,217.9,217.9,190239113,0.0
2025-03-21,213.31,218.84,209.97,218.27,218.27,287881958,0.0
2025-03-14,235.54,236.16,208.42,213.49,213.49,331612070,0.0
2025-03-07,241.79,244.0272,229.23,239.07,239.07,239653674,0.0
2025-02-28,244.925,250.0,230.2,241.84,241.84,241760231,0.0
2025-02-21,244.15,248.69,241.84,245.55,245.55,166541044,0.0
2025-02-14,229.57,245.55,227.2,244.6,244.6,226587580,0.25
2025-02-07,229.99,234.0,225.7,227.63,227.3803,227428164,0.0
2025-01-31,224.02,247.19,223.98,236.0,235.7411,372790494,0.0
2025-01-24,224.0,227.03,219.38,222.78,222.5356,277129596,0.0
2025-01-17,233.53,238.96,228.03,229.98,229.7277,269145341,0.0
2025-01-10,244.31,247.33,233.0,236.85,236.5902,185241327,0.0
2025-01-03,252.23,253.5,241.8201,243.36,243.093,171023105,0.0
2024-12-27,254.77,260.1,253.06,255.59,255.3096,133711783,0.0
2024-12-20,247.99,255.0,245.69,254.49,254.2108,368202745,0.0
2024-12-13,241.83,250.8,241.75,248.13,247.8578,192702674,0.0
2024-12-06,237.27,244.63,237.16,242.84,242.5736,208286552,0.0
2024-11-29,231.46,237.81,229.74,237.33,237.0697,198118837,0.0
2024-11-22,225.25,230.7199,225.17,229.87,229.6178,196343939,0.0
2024-11-15,225.0,228.87,221.5,225.0,224.7532,223817755,0.0
2024-11-08,220.99,228.66,219.71,226.96,226.711,208083442,0.25
2024-11-01,233.32,234.73,220.27,222.91,222.4205,248222115,0.0
2024-10-25,234.45,236.85,227.76,231.41,230.9018,197299834,0.0
2024-10-18,228.7,237.49,228.6,235.0,234.4839,218140974,0.0
2024-10-11,224.5,229.75,221.33,227.55,227.0503,164894870,0.0
2024-10-04,230.04,233.0,223.02,226.8,226.3019,222348300,0.0
2024-09-27,227.34,229.52,224.02,227.79,227.2898,210673480,0.0
2024-09-20,216.54,233.09,213.92,228.2,227.6989,550232897,0.0
2024-09-13,220.82,224.04,216.71,222.5,222.0114,237622914,0.0
2024-09-06,228.55,229.0,217.48,220.82,220.3351,178491741,0.0
2024-08-30,226.76,232.92,223.8905,229.0,228.4971,209486001,0.0
2024-08-23,225.72,228.34,223.04,226.84,226.3418,188124897,0.0
2024-08-16,216.07,226.8271,215.6,226.05,225.5536,214898250,0.25
2024-08-09,199.09,216.78,196.0,216.24,215.5174,342088289,0.0
2024-08-02,216.96,225.6,215.75,219.86,219.1253,296061436,0.0
2024-07-26,227.01,227.78,214.62,217.96,217.2317,242932215,0.0
2024-07-19,236.48,237.23,222.27,224.31,223.5605,278397452,0.0
2024-07-12,227.09,233.08,223.25,230.54,229.7697,287640514,0.0
2024-07-05,212.09,226.45,211.92,226.34,225.5837,216231316,0.0
2024-06-28,207.72,216.07,206.59,210.62,209.9162,335969485,0.0
2024-06-21,213.37,218.95,207.11,207.49,206.7967,506265358,0.0
2024-06-14,196.9,220.2,192.15,212.49,211.78,635755143,0.0
2024-06-07,192.9,196.94,192.52,196.89,196.2321,245994434,0.0
2024-05-31,191.51,193.0,189.1,192.25,191.6076,230454285,0.0
2024-05-24,189.325,192.8231,186.625,189.98,189.3452,208652122,0.0
2024-05-17,185.435,191.095,184.62,189.87,189.2356,288966571,0.0
2024-05-10,182.354,185.09,180.42,183.05,182.4383,300674993,0.25
2024-05-03,173.37,187.0,169.11,183.38,182.518,441926366,0.0
2024-04-26,165.515,171.34,164.77,169.3,168.5042,241302722,0.0
2024-04-19,175.36,176.63,164.075,165.0,164.2244,309416498,0.0
2024-04-12,169.03,178.36,167.11,176.55,175.7201,321898799,0.0
2024-04-05,171.19,171.92,168.2302,169.58,168.7828,233688457,0.0
2024-03-28,170.565,173.6,169.45,171.48,170.6739,237622732,0.0
2024-03-22,175.57,178.67,170.06,172.28,171.4701,361583938,0.0
2024-03-15,172.94,174.38,170.285,172.62,171.8085,364748130,0.0
2024-03-08,176.15,176.9,168.49,170.73,169.9274,393262265,0.0
2024-03-01,182.24,183.9225,177.38,179.66,178.8155,354385890,0.0
2024-02-23,181.79,185.04,180.0,182.52,181.662,192607112,0.0
2024-02-16,188.415,188.67,181.35,182.31,181.453,268128941,0.0
2024-02-09,188.15,191.05,185.84,188.85,187.9622,252715796,0.24
2024-02-02,192.01,192.2,179.25,185.85,184.7416,325909883,0.0
2024-01-26,192.3,196.38,191.94,192.42,191.2724,255368848,0.0
2024-01-19,182.16,191.95,180.3,191.56,190.4175,259829213,0.0
2024-01-12,182.085,187.05,181.5,185.92,184.8112,238385377,0.0
2024-01-05,187.15,188.44,180.17,181.18,180.0994,275083628,0.0
2023-12-29,193.61,194.66,191.09,192.53,191.3817,153541162,0.0
2023-12-22,196.09,197.68,192.97,193.6,192.4454,231859933,0.0
2023-12-15,193.11,199.62,191.42,197.57,196.3917,379414755,0.0
2023-12-08,189.98,195.99,187.4511,195.71,194.5428,251797045,0.0
2023-12-01,189.92,192.09,188.19,191.24,190.0994,216481441,0.0
2023-11-24,189.89,192.93,189.25,189.97,188.837,148351454,0.0
2023-11-17,185.82,190.96,184.21,189.69,188.5587,262880715,0.0
2023-11-10,176.38,186.565,176.21,186.4,185.2883,303653020,0.24
2023-11-03,169.02,177.78,167.9,176.65,175.3706,310075876,0.0
2023-10-27,170.91,174.01,165.67,168.22,167.0017,286078102,0.0
2023-10-20,176.75,179.075,172.64,172.88,171.6279,288377600,0.0
2023-10-13,176.81,182.34,175.8,178.85,177.5547,241839090,0.0
2023-10-06,171.22,177.99,170.82,177.49,176.2046,260574027,0.0
2023-09-29,174.2,176.97,167.62,171.21,169.97,285838995,0.0
2023-09-22,176.48,179.695,173.86,174.79,173.5241,297395196,0.0
2023-09-15,180.07,180.3,173.58,175.01,173.7425,403746390,0.0
2023-09-08,188.28,189.98,173.54,178.18,176.8896,305126712,0.0
2023-09-01,180.09,189.92,178.545,189.46,188.0879,264199503,0.0
2023-08-25,175.07,181.55,173.735,178.61,177.3164,247514268,0.0
2023-08-18,177.97,179.69,171.96,174.49,173.2263,261498109,0.0
2023-08-11,182.13,183.13,176.55,177.79,176.5024,332501087,0.24
2023-08-04,196.06,196.73,181.92,181.99,180.4284,302694989,0.0
2023-07-28,193.41,197.2,192.25,195.83,194.1497,226011789,0.0
2023-07-21,191.9,198.23,191.23,191.94,190.293,310914135,0.0
2023-07-14,189.26,191.7,186.6,190.69,189.0538,250269110,0.0
2023-07-07,193.78,193.88,189.2,190.68,189.0438,170349466,0.0
2023-06-30,186.83,194.48,185.23,193.97,192.3056,281596832,0.0
2023-06-23,184.41,187.56,182.5901,186.68,185.0782,203677112,0.0
2023-06-16,181.27,186.99,180.97,184.92,183.3333,333836397,0.0
2023-06-09,182.63,184.951,177.32,180.96,179.4072,347854340,0.0
2023-06-02,176.96,181.78,176.57,180.95,179.3973,286176391,0.0
2023-05-26,173.98,175.77,170.52,175.43,173.9247,250354916,0.0
2023-05-19,173.16,176.39,170.4201,175.16,173.657,258634688,0.0
2023-05-12,172.48,174.59,171.0,172.57,171.0892,250061982,0.24
2023-05-05,169.28,174.3,164.31,173.57,171.8417,360723248,0.0
2023-04-28,165.0,169.85,162.8,169.68,167.9904,254947569,0.0
2023-04-21,165.09,168.16,164.03,165.02,163.3768,249150510,0.0
2023-04-14,161.42,166.32,159.78,165.21,163.5649,263326290,0.0
2023-04-06,164.27,166.84,161.8,164.66,163.0204,200156349,0.0
2023-03-31,159.94,165.0,155.98,164.9,163.258,267939590,0.0
2023-03-24,155.07,162.14,154.15,160.25,158.6543,350159914,0.0
2023-03-17,147.805,156.74,147.7,155.0,153.4566,410519933,0.0
2023-03-10,153.785,156.3,147.6096,148.5,147.0213,313350829,0.0
2023-03-03,147.71,151.11,143.9,151.03,149.5261,274036517,0.0
2023-02-24,150.2,151.3,145.7202,146.71,145.2491,213742390,0.0
2023-02-17,150.952,156.33,150.85,152.55,151.031,316887898,0.0
2023-02-10,152.575,155.23,149.22,151.01,149.5063,330758787,0.23
2023-02-03,144.955,157.38,141.32,154.5,152.7289,480249683,0.0
2023-01-27,138.12,147.23,137.9,145.93,144.2572,338655715,0.0
2023-01-20,134.83,138.61,133.77,137.87,136.2896,271823466,0.0
2023-01-13,130.465,134.92,128.12,134.76,133.2152,333335284,0.0
2023-01-06,130.28,130.9,124.17,129.62,128.1341,369948527,0.0
2022-12-30,131.38,131.41,125.87,129.93,128.4406,307184140,0.0
2022-12-23,135.11,136.81,129.64,131.86,130.3485,384620427,0.0
2022-12-16,142.7,149.9692,133.73,134.51,132.9681,505728804,0.0
2022-12-09,147.77,150.9199,140.0,142.16,140.5304,341500071,0.0
2022-12-02,145.14,149.13,140.355,147.81,146.1156,401189067,0.0
2022-11-25,150.16,151.83,146.925,148.11,146.4122,204025457,0.0
2022-11-18,148.97,153.59,146.15,151.29,149.5557,382679685,0.0
2022-11-11,137.11,150.01,134.5933,149.7,147.984,461034592,0.0
2022-11-04,153.155,155.45,134.38,138.38,136.7937,510660451,0.23
2022-10-28,147.185,157.5,144.13,155.74,153.6993,513092901,0.0
2022-10-21,141.065,147.8479,140.27,147.27,145.3403,397216487,0.0
2022-10-14,140.42,144.52,134.37,138.38,136.5667,424188362,0.0
2022-10-07,138.21,147.54,137.685,140.09,138.2543,435940423,0.0
2022-09-30,149.66,154.72,138.0,138.2,136.3891,577537048,0.0
2022-09-23,149.31,158.74,148.56,150.43,148.4588,473155533,0.0
2022-09-16,159.59,164.26,148.37,150.7,148.7253,568337936,0.0
2022-09-09,156.47,157.82,152.68,157.37,155.3079,313749966,0.0
2022-09-02,161.145,162.9,154.67,155.81,153.7683,389809404,0.0
2022-08-26,169.69,171.05,163.56,163.62,161.476,307194601,0.0
2022-08-19,171.52,176.15,171.3101,171.52,169.2725,322647151,0.0
2022-08-12,166.37,172.17,163.25,172.1,169.8449,318856922,0.0
2022-08-05,161.01,167.19,159.63,165.35,163.1833,322415021,0.23
2022-07-29,154.01,163.63,150.8,162.51,160.1578,370548915,0.0
2022-07-22,150.74,156.28,146.7,154.09,151.8597,360988692,0.0
2022-07-15,145.67,150.86,142.1201,150.17,147.9964,366480107,0.0
2022-07-08,137.77,147.55,136.93,147.04,144.9117,278295402,0.0
2022-07-01,142.695,143.49,133.7737,138.93,136.9191,373781666,0.0
2022-06-24,133.42,141.91,133.32,141.66,139.6096,315960327,0.0
2022-06-17,132.87,137.34,129.04,131.56,129.6558,541006195,0.0
2022-06-10,147.03,149.8697,137.06,137.13,135.1451,354396344,0.0
2022-06-03,149.07,151.74,144.46,145.38,143.2757,338923395,0.0
2022-05-27,137.79,149.68,137.14,149.64,147.4741,495921758,0.0
2022-05-20,145.55,149.77,132.61,137.59,135.5985,548244690,0.0
2022-05-13,154.925,156.74,138.8,147.11,144.9807,686227375,0.0
2022-05-06,156.71,166.48,153.27,157.28,155.0035,566193362,0.23
2022-04-29,161.12,166.2,155.38,157.65,155.1413,540082324,0.0
2022-04-22,163.92,171.53,161.5,161.79,159.2154,376576076,0.0
2022-04-14,168.71,171.27,165.04,165.29,162.6597,297460188,0.0
2022-04-08,174.57,178.49,169.2,170.09,167.3833,390677922,0.0
2022-04-01,172.17,179.61,171.94,174.31,171.5361,465395123,0.0
2022-03-25,163.51,175.28,163.015,174.72,171.9396,438484780,0.0
2022-03-18,151.45,164.48,150.1,163.98,161.3705,501667481,0.0
2022-03-11,163.36,165.02,154.5,154.73,152.2677,521334165,0.0
2022-03-04,163.06,168.91,161.97,163.17,160.5734,418753837,0.0
2022-02-25,164.98,166.69,152.0,164.85,162.2267,413588646,0.0
2022-02-18,167.37,173.34,166.19,167.3,164.6377,364011266,0.0
2022-02-11,172.86,176.65,168.04,168.64,165.9564,412902045,0.0
2022-02-04,170.16,176.2399,169.51,172.39,169.6467,458553231,0.22
2022-01-28,160.02,170.35,154.7,170.33,167.4058,688670659,0.0
2022-01-21,171.51,172.54,162.3,162.41,159.6218,397684401,0.0
2022-01-14,169.08,177.18,168.17,173.07,170.0988,422454950,0.0
2022-01-07,177.83,182.94,171.03,172.17,169.2142,482162362,0.0
2021-12-31,177.085,181.33,177.07,177.57,174.5215,337847299,0.0
2021-12-23,168.28,176.8499,167.46,176.28,173.2537,359176889,0.0
2021-12-17,181.115,182.13,169.69,171.14,168.2019,769789942,0.0
2021-12-10,164.29,179.63,164.28,179.45,176.3693,569227705,0.0
2021-12-03,159.37,170.3,157.8,161.84,159.0616,669981566,0.0
2021-11-26,161.68,165.7,156.36,156.81,154.1179,359933163,0.0
2021-11-19,150.37,161.02,149.34,160.55,157.7937,462419283,0.0
2021-11-12,151.41,151.57,147.48,149.99,147.415,281026556,0.0
2021-11-05,148.985,152.43,147.8,151.28,148.6829,322688958,0.22
2021-10-29,148.68,153.165,146.4128,149.8,147.0145,392739936,0.0
2021-10-22,143.445,150.18,143.16,148.69,145.9251,340691290,0.0
2021-10-15,142.27,144.895,139.2,144.84,142.1467,354098233,0.0
2021-10-08,141.76,144.215,138.27,142.9,140.2428,382910000,0.0
2021-10-01,145.47,145.96,139.1101,142.65,139.9974,441421358,0.0
2021-09-24,143.8,147.4701,141.27,146.92,144.188,394033205,0.0
2021-09-17,150.63,151.42,145.76,146.06,143.344,492884912,0.0
2021-09-10,154.97,157.26,148.7,148.97,146.1999,354897433,0.0
2021-09-03,149.0,154.98,148.61,154.3,151.4308,386760934,0.0
2021-08-27,148.31,150.86,146.83,148.6,145.8368,272129118,0.0
2021-08-20,148.535,151.68,144.5,148.19,145.4344,429624447,0.0
2021-08-13,146.2,149.4444,145.3,149.1,146.3275,299050639,0.0
2021-08-06,146.36,148.045,145.18,146.14,143.4225,284559337,0.22
2021-07-30,148.27,149.83,142.54,145.86,142.9326,420947531,0.0
2021-07-23,143.75,148.7177,141.67,148.56,145.5784,441563639,0.0
2021-07-16,146.21,150.0,143.63,146.39,143.4519,504249326,0.0
2021-07-09,140.07,145.65,140.07,145.11,142.1976,418559640,0.0
2021-07-02,133.41,140.0,133.35,139.96,137.151,321360130,0.0
2021-06-25,130.3,134.64,129.21,133.11,130.4385,354155878,0.0
2021-06-18,127.82,132.55,127.07,130.46,127.8417,456667151,0.0
2021-06-11,126.17,128.46,124.8321,127.35,124.7941,327048055,0.0
2021-06-04,125.08,126.16,123.13,125.89,123.3634,278314493,0.0
2021-05-28,126.01,128.32,124.55,124.61,122.1091,357615057,0.0
2021-05-21,126.82,128.0,122.86,125.43,122.9126,386352101,0.0
2021-05-14,129.41,129.54,122.25,127.45,124.8921,514165627,0.0
2021-05-07,132.04,134.07,126.7,130.21,127.5967,453802325,0.22
2021-04-30,134.83,137.07,131.065,131.46,128.6043,501621389,0.0
2021-04-23,133.51,135.53,131.3001,134.32,131.4022,421246935,0.0
2021-04-16,132.52,135.0,130.63,134.16,131.2456,444178798,0.0
2021-04-09,123.87,133.04,123.07,132.995,130.106,447820438,0.0
2021-04-01,121.65,124.18,118.86,123.0,120.3281,359904082,0.0
2021-03-26,120.33,124.24,118.92,121.21,118.577,488825826,0.0
2021-03-19,121.41,127.22,119.675,119.99,117.3835,626770404,0.0
2021-03-12,120.93,123.21,116.21,121.03,118.4009,586977280,0.0
2021-03-05,123.75,128.72,117.57,121.42,118.7824,663456753,0.0
2021-02-26,128.01,129.72,118.39,121.26,118.6259,680391444,0.0
2021-02-19,135.49,136.01,127.41,129.87,127.0488,362474097,0.0
2021-02-12,136.03,137.877,133.6921,135.37,132.4294,344357350,0.0
2021-02-05,133.75,137.42,130.93,136.76,133.7892,438264070,0.205
2021-01-29,143.07,145.09,130.21,131.96,128.9002,716990967,0.0
2021-01-22,127.78,139.85,126.938,139.07,135.8454,430065722,0.0
2021-01-15,129.19,131.45,126.86,127.14,124.192,481518252,0.0
2021-01-08,133.52,133.6116,126.382,132.05,128.9881,610791157,0.0
2020-12-31,133.99,138.789,131.72,132.69,129.6133,439740666,0.0
2020-12-24,125.02,134.405,123.449,131.97,128.91,433757134,0.0
2020-12-18,122.6,129.58,121.54,126.655,123.7182,621758148,0.0
2020-12-11,122.31,125.95,120.15,122.41,119.5717,452278651,0.0
2020-12-04,116.97,123.78,116.81,122.25,119.4154,541563385,0.0
2020-11-27,117.18,117.6202,112.59,116.59,113.8866,364376131,0.0
2020-11-20,118.92,120.99,116.81,117.34,114.6192,389493361,0.0
2020-11-13,120.5,121.99,114.13,119.26,116.4947,589872919,0.0
2020-11-06,109.11,119.62,107.32,118.69,115.9379,609571825,0.205
2020-10-30,114.01,117.28,107.72,108.86,106.1525,684767901,0.0
2020-10-23,119.96,120.419,114.28,115.04,112.1788,519569644,0.0
2020-10-16,120.06,125.39,118.15,119.02,116.0598,881572555,0.0
2020-10-09,113.91,117.0,112.25,116.97,114.0608,548575054,0.0
2020-10-02,115.01,117.72,112.22,113.02,110.209,641240539,0.0
2020-09-25,104.54,112.86,103.1,112.28,109.4874,847212649,0.0
2020-09-18,114.72,118.829,106.09,106.84,104.1827,944934651,0.0
2020-09-11,113.95,120.5,110.0,112.0,109.2144,771441734,0.0
2020-09-04,127.58,137.98,110.89,120.96,117.9516,1166301669,0.0
2020-08-28,514.79,515.14,492.21,499.23,121.7034,265909531,0.0
2020-08-21,464.25,499.472,455.8501,497.48,121.2767,208464758,0.0
2020-08-14,450.4,464.17,436.4267,459.63,112.0496,235474473,0.0
2020-08-07,432.8,457.65,431.57,444.45,108.349,250852555,0.82
2020-07-31,374.84,425.66,372.99,425.04,103.4263,211898609,0.0
2020-07-24,385.67,397.0,356.58,370.46,90.1452,165885792,0.0
2020-07-17,389.06,399.82,375.51,385.31,93.7587,179660754,0.0
2020-07-10,370.0,385.27,369.87,383.68,93.3621,141212101,0.0
2020-07-02,353.25,370.47,351.28,364.11,88.6001,124222310,0.0
2020-06-26,351.34,372.38,351.15,353.63,86.0499,220750873,0.0
2020-06-19,333.25,356.56,332.58,349.72,85.0985,194985086,0.0
2020-06-12,330.25,354.77,327.32,338.8,82.4413,202956789,0.0
2020-06-05,317.75,331.75,317.21,331.5,80.665,124490802,0.0
2020-05-29,323.5,324.24,313.09,317.94,77.3654,131465363,0.0
2020-05-22,313.17,320.89,310.32,318.89,77.5965,133274690,0.0
2020-05-15,308.1,319.69,300.21,307.71,74.8761,208536826,0.0
2020-05-08,289.17,310.35,286.32,310.13,75.4649,168228968,0.82
2020-05-01,281.8,299.0,278.2,289.07,70.1548,197513427,0.0
2020-04-24,277.95,283.01,265.43,282.97,68.6744,169846750,0.0
2020-04-17,268.31,288.25,265.83,282.8,68.6332,207386812,0.0
2020-04-09,250.9,271.7,249.38,267.99,65.0389,183929846,0.0
2020-04-03,250.74,262.49,236.9,241.41,58.5882,209252759,0.0
2020-03-27,228.08,258.68,212.61,247.74,60.1244,346165813,0.0
2020-03-20,241.95,259.08,228.0,229.24,55.6346,405065837,0.0
2020-03-13,263.75,286.44,248.0,277.97,67.461,404405247,0.0
2020-03-06,282.28,304.0,277.72,289.03,70.1451,323450224,0.0
2020-02-28,297.26,304.18,256.37,273.36,66.3422,349768234,0.0
2020-02-21,315.36,324.65,310.5,313.05,75.9746,119254440,0.0
2020-02-14,314.18,327.22,313.85,324.95,78.8626,123065907,0.0
2020-02-07,304.3,325.22,302.22,320.03,77.6686,163134650,0.77
2020-01-31,310.06,327.85,304.88,309.51,74.9352,216776323,0.0
2020-01-24,317.19,323.33,315.65,318.31,77.0657,115445527,0.0
2020-01-17,311.64,318.74,309.55,318.73,77.1674,162824452,0.0
2020-01-10,293.79,312.67,292.75,310.33,75.1337,168452059,0.0
2020-01-03,289.46,300.6,285.22,297.43,72.0105,131852981,0.0
2019-12-27,280.53,293.97,280.37,289.8,70.1632,96724537,0.0
2019-12-20,277.0,282.65,276.98,279.44,67.6549,183341280,0.0
2019-12-13,270.0,275.3,264.91,275.15,66.6163,142408267,0.0
2019-12-06,267.27,271.0,256.29,270.71,65.5413,115090042,0.0
2019-11-29,262.71,268.0,262.5,267.25,64.7036,75404884,0.0
2019-11-22,265.8,268.0,260.4,261.78,63.3793,114060454,0.0
2019-11-15,258.3,265.78,258.28,265.76,64.3429,115661500,0.0
2019-11-08,257.33,260.44,255.37,260.14,62.9822,106014081,0.77
2019-11-01,247.42,255.93,237.26,255.82,61.753,163067611,0.0
2019-10-25,237.52,246.73,237.32,246.58,59.5226,100713664,0.0
2019-10-18,234.9,238.13,233.2,236.41,57.0676,108261581,0.0
2019-10-11,226.27,237.64,224.33,236.21,57.0193,150154587,0.0
2019-10-04,220.9,228.22,215.13,227.01,54.7985,163381242,0.0
2019-09-27,218.95,222.49,217.14,218.82,52.8215,117784618,0.0
2019-09-20,217.73,223.76,217.47,217.73,52.5584,145352672,0.0
2019-09-13,214.84,226.42,211.07,218.75,52.8046,175366943,0.0
2019-09-06,206.43,214.42,204.22,213.26,51.4794,82585672,0.0
2019-08-30,205.86,210.45,203.32,208.74,50.3883,110091319,0.0
2019-08-23,210.62,214.44,201.0,202.64,48.9158,142066853,0.0
2019-08-16,199.62,212.14,199.15,206.5,49.8476,163266105,0.0
2019-08-09,197.99,203.53,192.58,200.99,48.5175,173211425,0.77
2019-08-02,208.46,221.37,201.63,204.02,49.0609,219770512,0.0
2019-07-26,203.65,209.73,203.61,207.74,49.9555,87153118,0.0
2019-07-19,204.09,206.5,202.36,202.59,48.7171,87433154,0.0
2019-07-12,200.81,204.39,198.41,203.3,48.8878,101600835,0.0
2019-07-05,203.17,205.08,200.65,204.23,49.1114,72879519,0.0
2019-06-28,198.54,201.57,195.29,197.92,47.5941,117368626,0.0
2019-06-21,192.9,200.85,192.17,198.78,47.8009,131658960,0.0
2019-06-14,191.81,196.79,190.3,192.74,46.3484,111843021,0.0
2019-06-07,175.6,191.92,170.27,190.15,45.7256,154348161,0.0
2019-05-31,178.92,180.59,174.99,175.07,42.0993,104691321,0.0
2019-05-24,183.52,188.0,177.81,178.97,43.0371,156970116,0.0
2019-05-17,187.71,192.47,182.85,189.0,45.4491,186415472,0.0
2019-05-10,204.29,208.84,192.77,197.18,47.4161,173663634,0.77
2019-05-03,204.4,215.31,199.11,211.75,50.7217,186455669,0.0
2019-04-26,202.83,208.48,202.12,204.3,48.9372,97495453,0.0
2019-04-18,198.58,204.15,198.01,203.86,48.8318,96335577,0.0
2019-04-12,196.42,202.85,196.21,198.87,47.6365,132006698,0.0
2019-04-05,191.64,197.1,188.38,197.0,47.1886,111540445,0.0
2019-03-29,191.51,192.88,184.58,189.95,45.4998,167838582,0.0
2019-03-22,185.8,197.69,184.73,191.05,45.7633,182343335,0.0
2019-03-15,175.49,187.33,175.35,186.12,44.5824,158133562,0.0
2019-03-08,175.69,177.75,169.5,172.91,41.4181,116779738,0.0
2019-03-01,174.16,175.87,172.73,174.97,41.9116,120880541,0.0
2019-02-22,169.71,173.32,169.49,172.97,41.4325,81250012,0.0
2019-02-15,171.05,172.48,169.25,170.42,40.8217,112229742,0.0
2019-02-08,167.41,175.57,167.28,170.41,40.8193,151398457,0.73
2019-02-01,155.79,169.0,153.66,166.52,39.7174,202296864,0.0
2019-01-25,156.41,158.13,151.7,157.76,37.628,112513982,0.0
2019-01-18,150.85,157.88,149.22,156.82,37.4038,155291399,0.0
2019-01-11,148.7,154.53,145.9,152.29,36.3233,203706070,0.0
2019-01-04,158.53,159.36,142.0,148.26,35.3621,221962468,0.0
2018-12-28,148.15,158.52,146.59,156.23,37.2631,191160265,0.0
2018-12-21,165.45,168.35,149.63,150.73,35.9512,287694081,0.0
2018-12-14,165.0,172.57,163.33,165.48,39.4693,217536870,0.0
2018-12-07,184.46,184.94,168.3,168.49,40.1872,167522325,0.0
2018-11-30,174.24,182.8,170.26,178.58,42.5939,213749977,0.0
2018-11-23,190.0,190.7,172.1,172.29,41.0936,164494301,0.0
2018-11-16,199.0,199.85,185.93,193.53,46.1596,242226465,0.0
2018-11-09,204.3,210.12,198.17,204.47,48.769,191199370,0.73
2018-11-02,219.19,222.36,205.43,207.48,49.3142,270606277,0.0
2018-10-26,219.79,224.23,212.67,216.3,51.4106,185599234,0.0
2018-10-19,221.16,222.99,213.0,219.31,52.126,148520408,0.0
2018-10-12,222.21,227.27,212.32,222.11,52.7915,192007749,0.0
2018-10-05,227.95,233.47,220.58,224.29,53.3097,142666234,0.0
2018-09-28,216.82,226.44,216.63,225.74,53.6543,129343034,0.0
2018-09-21,222.15,222.95,215.3,217.66,51.7338,218746220,0.0
2018-09-14,220.95,228.35,216.47,223.84,53.2027,198249908,0.0
2018-09-07,228.41,229.67,220.71,221.3,52.599,132632878,0.0
2018-08-31,217.15,228.87,216.33,227.63,54.1035,162690645,0.0
2018-08-24,218.1,219.18,213.84,216.16,51.3773,112825161,0.0
2018-08-17,207.7,217.95,207.7,217.58,51.7148,139373818,0.0
2018-08-10,208.0,209.78,204.52,207.53,49.3261,121642089,0.73
2018-08-03,191.9,208.74,189.07,207.99,49.2622,224189697,0.0
2018-07-27,190.68,195.96,189.56,190.98,45.2334,94613682,0.0
2018-07-20,191.52,192.65,189.2,191.44,45.3423,87963808,0.0
2018-07-13,189.5,191.84,187.61,191.33,45.3163,85088176,0.0
2018-07-06,183.82,188.43,183.42,187.97,44.5205,65775642,0.0
2018-06-29,183.4,187.28,180.73,185.11,43.8431,121620526,0.0
2018-06-22,187.88,189.22,183.45,184.92,43.7981,125604366,0.0
2018-06-15,191.35,192.88,188.26,188.84,44.7265,140187228,0.0
2018-06-08,191.64,194.2,189.77,191.7,45.4039,116769735,0.0
2018-06-01,187.6,190.26,186.14,190.24,45.0581,92129925,0.0
2018-05-25,188.0,189.65,185.76,188.58,44.6649,94394844,0.0
2018-05-18,189.01,189.53,185.1,186.31,44.1273,99248752,0.0
2018-05-11,185.18,190.37,183.67,188.59,44.6673,148266951,0.73
2018-05-04,162.13,184.25,161.84,183.83,43.372,252805668,0.0
2018-04-27,166.83,166.92,160.63,162.32,38.2971,162208431,0.0
2018-04-20,175.03,178.94,165.43,165.72,39.0992,169238340,0.0
2018-04-13,169.88,175.84,169.85,174.73,41.225,128077139,0.0
2018-04-06,166.64,174.23,164.47,168.38,39.7268,164408813,0.0
2018-03-29,168.07,175.15,165.19,167.78,39.5853,155302506,0.0
2018-03-23,177.32,177.47,164.94,164.94,38.9152,168666122,0.0
2018-03-16,180.29,183.5,177.62,178.02,42.0012,151720299,0.0
2018-03-09,175.21,180.0,174.27,179.98,42.4637,138442235,0.0
2018-03-02,176.35,180.62,172.45,176.21,41.5742,196432091,0.0
2018-02-23,172.05,175.65,171.01,175.5,41.4067,133197874,0.0
2018-02-16,158.5,174.82,157.51,172.43,40.6824,222582467,0.0
2018-02-09,159.1,163.88,150.24,156.41,36.9027,299885932,0.63
2018-02-02,170.16,170.16,160.1,160.5,37.7157,248091289,0.0
2018-01-26,177.3,179.44,170.06,171.51,40.303,185072080,0.0
2018-01-19,177.9,180.1,175.07,178.46,41.9361,122974060,0.0
2018-01-12,174.35,177.36,173.0,177.09,41.6142,107548622,0.0
2018-01-05,170.16,175.37,169.26,175.0,41.1231,99095223,0.0
2017-12-29,170.8,171.85,169.22,169.23,39.7672,96281679,0.0
2017-12-22,174.88,177.2,173.25,175.01,41.1254,115320238,0.0
2017-12-15,169.2,174.17,168.79,173.97,40.881,132453689,0.0
2017-12-08,172.48,172.62,166.46,169.37,39.8001,134914322,0.0
2017-12-01,175.05,175.08,167.16,171.05,40.1949,166555527,0.0
2017-11-24,170.29,175.5,169.56,174.97,41.116,79873651,0.0
2017-11-17,173.5,174.5,168.38,170.15,39.9834,114281964,0.0
2017-11-10,172.365,176.24,171.72,174.67,41.0455,135758833,0.63
2017-11-03,163.89,174.26,163.72,172.5,40.3899,203892677,0.0
2017-10-27,156.89,163.6,155.27,163.05,38.1773,119574587,0.0
2017-10-20,157.9,160.87,155.02,156.25,36.5851,124593299,0.0
2017-10-13,155.81,158.0,155.1,156.99,36.7583,80597481,0.0
2017-10-06,154.26,155.49,152.46,155.3,36.3626,91971974,0.0
2017-09-29,149.99,154.7189,149.16,154.12,36.0864,152105993,0.0
2017-09-22,160.11,160.5,150.56,151.89,35.5642,182738115,0.0
2017-09-15,160.5,163.96,157.91,159.88,37.435,217839085,0.0
2017-09-08,163.75,164.25,158.53,158.63,37.1423,100402255,0.0
2017-09-01,160.14,164.94,159.93,164.05,38.4114,124482489,0.0
2017-08-25,157.5,160.74,155.1101,159.86,37.4303,110686493,0.0
2017-08-18,159.32,162.51,156.72,157.5,36.8778,130951564,0.0
2017-08-11,157.06,161.83,154.63,157.48,36.8731,148310594,0.63
2017-08-04,149.9,159.75,148.13,156.39,36.4699,159721244,0.0
2017-07-28,150.58,153.99,147.3,149.5,34.8632,103916337,0.0
2017-07-21,148.82,151.74,148.57,150.27,35.0428,103297255,0.0
2017-07-14,144.11,149.33,143.37,149.04,34.7559,107844162,0.0
2017-07-07,144.88,145.3,142.41,144.18,33.6226,76896820,0.0
2017-06-30,147.17,148.28,142.28,144.02,33.5853,125310202,0.0
2017-06-23,143.66,147.16,143.66,146.28,34.1123,121757322,0.0
2017-06-16,145.74,147.5,142.2,142.27,33.1772,217066551,0.0
2017-06-09,154.34,155.98,146.02,148.98,34.7419,157386327,0.0
2017-06-02,153.42,155.45,152.22,155.45,36.2507,86663811,0.0
2017-05-26,154.0,154.9,152.67,153.61,35.8216,101565411,0.0
2017-05-19,156.01,156.65,149.71,153.06,35.6934,154981942,0.0
2017-05-12,149.03,156.42,149.03,156.1,36.4023,167770544,0.63
2017-05-05,145.1,148.98,144.27,148.96,34.5957,167777285,0.0
2017-04-28,143.5,144.9,143.18,143.65,33.3625,89143525,0.0
2017-04-21,141.48,142.92,140.45,142.27,33.042,89248503,0.0
2017-04-13,143.6,143.8792,140.06,141.05,32.7586,87485653,0.0
2017-04-07,143.71,145.46,143.05,143.34,33.2905,105402499,0.0
2017-03-31,139.39,144.5,138.62,143.66,33.3648,127008757,0.0
2017-03-24,140.4,142.8,139.73,140.64,32.6634,129673979,0.0
2017-03-17,138.85,141.02,138.82,139.99,32.5124,121539506,0.0
2017-03-10,139.365,139.98,137.05,139.14,32.315,99672282,0.0
2017-03-03,137.14,140.2786,136.28,139.78,32.4637,127936976,0.0
2017-02-24,136.23,137.48,135.28,136.66,31.739,87908859,0.0
2017-02-17,133.08,136.27,132.75,135.72,31.5207,136667496,0.0
2017-02-10,129.13,132.94,128.9,132.12,30.6846,136449154,0.57
2017-02-03,120.93,130.49,120.62,129.08,29.8501,249781248,0.0
2017-01-27,120.0,122.44,119.5,121.95,28.2013,124748449,0.0
2017-01-20,118.34,120.5,118.22,120.0,27.7503,116347987,0.0
2017-01-13,117.95,119.93,117.94,119.04,27.5283,138810760,0.0
2017-01-06,115.8,118.16,114.76,117.91,27.267,103845468,0.0
2016-12-30,116.52,118.0166,115.43,115.82,26.7837,84828531,0.0
2016-12-23,115.8,117.5,115.59,116.52,26.9456,113322891,0.0
2016-12-16,113.29,116.73,112.49,115.97,26.8184,195015700,0.0
2016-12-09,110.0,114.7,108.25,113.95,26.3513,151989664,0.0
2016-12-02,111.43,112.465,108.85,109.9,25.4147,155499850,0.0
2016-11-25,110.12,112.42,110.01,111.79,25.8517,94132421,0.0
2016-11-18,107.32,110.54,104.08,110.06,25.4517,198341456,0.0
2016-11-11,110.08,111.72,105.83,108.43,25.0747,207268979,0.0
2016-11-04,113.65,114.23,108.11,108.84,25.1696,156346518,0.57
2016-10-28,117.1,118.36,113.31,113.72,26.1623,210225569,0.0
2016-10-21,117.33,118.21,113.8,116.6,26.8249,115531434,0.0
2016-10-14,115.02,118.69,114.72,117.63,27.0618,208708383,0.0
2016-10-07,112.71,114.56,112.28,114.06,26.2405,126029440,0.0
2016-09-30,111.64,114.64,111.55,113.05,26.0081,156384035,0.0
2016-09-23,115.19,116.18,111.55,112.71,25.9299,201095635,0.0
2016-09-16,102.65,116.13,102.53,114.92,26.4384,390309366,0.0
2016-09-09,107.9,108.76,103.13,103.13,23.726,168803729,0.0
2016-09-02,106.62,108.0,105.5,107.73,24.7842,133000624,0.0
2016-08-26,108.86,109.32,106.31,106.94,24.6025,123605519,0.0
2016-08-19,108.14,110.23,108.08,109.36,25.1592,132371408,0.0
2016-08-12,107.52,108.94,107.16,108.18,24.8878,124505869,0.0
2016-08-05,104.41,107.65,104.0,107.48,24.7267,170149120,0.57
2016-07-29,98.25,104.55,96.42,104.21,23.846,256571090,0.0
2016-07-22,98.7,101.0,98.31,98.66,22.5761,147565456,0.0
2016-07-15,96.75,99.3,96.73,98.78,22.6035,142910566,0.0
2016-07-08,95.39,96.89,94.37,96.68,22.123,112705961,0.0
2016-07-01,93.0,96.465,91.5,95.89,21.9422,185461004,0.0
2016-06-24,96.0,96.89,92.65,93.4,21.3724,206728924,0.0
2016-06-17,98.69,99.12,95.3,95.33,21.8141,191732699,0.0
2016-06-10,97.99,101.89,97.55,98.83,22.615,124864375,0.0
2016-06-03,99.6,100.4,96.63,97.92,22.4067,140176985,0.0
2016-05-27,95.87,100.73,95.67,100.35,22.9628,204473324,0.0
2016-05-20,92.39,95.43,91.65,95.22,21.7889,212707154,0.0
2016-05-13,93.0,93.77,89.47,90.52,20.7134,216049836,0.0
2016-05-06,93.965,95.9,91.85,92.72,21.2168,225607242,0.57
2016-04-29,105.0,105.65,92.51,93.74,21.3199,349424063,0.0
2016-04-22,108.89,108.95,104.62,105.68,24.0355,189053016,0.0
2016-04-15,108.97,112.39,108.66,109.85,24.9839,162310051,0.0
2016-04-08,110.42,112.19,108.121,108.66,24.7132,145722543,0.0
2016-04-01,106.0,110.42,104.88,109.99,25.0157,147965003,0.0
2016-03-24,105.93,107.65,104.89,105.67,24.0332,119783503,0.0
2016-03-18,101.91,106.5,101.78,105.92,24.0901,182073165,0.0
2016-03-11,102.39,102.83,100.15,102.26,23.2576,155221501,0.0
2016-03-04,96.86,103.75,96.65,103.01,23.4282,201803826,0.0
2016-02-26,96.31,98.0237,93.32,96.91,22.0409,159052926,0.0
2016-02-19,95.02,98.89,94.61,96.04,21.843,168316315,0.0
2016-02-12,93.13,96.35,92.59,93.99,21.3768,231122263,0.0
2016-02-05,96.47,97.33,93.69,94.02,21.3836,217154766,0.52
2016-01-29,101.52,101.53,92.39,97.34,22.0201,380336530,0.0
2016-01-22,98.41,101.46,93.42,101.42,22.9431,243384093,0.0
2016-01-15,98.97,101.19,95.36,97.13,21.9726,304337253,0.0
2016-01-08,102.61,105.85,96.43,96.96,21.9342,343790211,0.0
2015-12-31,107.59,109.43,104.82,105.26,23.8118,123761546,0.0
2015-12-24,107.28,109.0,105.57,108.03,24.4384,126634011,0.0
2015-12-18,112.18,112.8,105.81,106.03,23.986,315791335,0.0
2015-12-11,118.98,119.86,112.851,113.18,25.6034,188853944,0.0
2015-12-04,117.99,119.41,114.22,119.03,26.9268,206765745,0.0
2015-11-27,119.27,119.73,117.12,117.81,26.6508,109720453,0.0
2015-11-20,111.38,119.92,111.0,119.3,26.9879,189947415,0.0
2015-11-13,120.96,121.81,112.27,112.34,25.4134,216555289,0.0
2015-11-06,119.87,123.82,119.61,121.06,27.386,195203256,0.52
2015-10-30,118.08,121.22,113.99,119.5,26.9174,322362121,0.0
2015-10-23,110.8,119.228,110.11,119.08,26.8228,222074893,0.0
2015-10-16,112.73,112.75,109.56,111.04,25.0118,184884970,0.0
2015-10-09,109.88,112.28,108.21,112.12,25.255,262432987,0.0
2015-10-02,113.85,114.57,107.31,110.38,24.8631,311138027,0.0
2015-09-25,113.67,116.69,112.37,114.71,25.8384,242696241,0.0
2015-09-18,116.58,116.89,111.87,113.45,25.5546,277276007,0.0
2015-09-11,111.65,114.21,109.77,114.21,25.7258,252662734,0.0
2015-09-04,112.13,114.53,107.36,109.27,24.6131,298194194,0.0
2015-08-28,94.87,113.31,92.0,113.29,25.5186,500362965,0.0
2015-08-21,116.04,117.65,105.645,105.76,23.8224,320509056,0.0
2015-08-14,116.53,119.99,109.63,115.96,26.12,345185326,0.0
2015-08-07,121.5,122.57,112.1,115.52,26.0209,384072497,0.52
2015-07-31,123.09,123.91,120.91,121.3,27.2,191598511,0.0
2015-07-24,130.97,132.97,121.99,124.5,27.9175,344269021,0.0
2015-07-17,125.03,129.62,124.32,129.62,29.0656,189245034,0.0
2015-07-10,124.94,126.23,119.22,123.28,27.644,275718368,0.0
2015-07-02,125.46,126.94,124.48,126.44,28.3526,150981872,0.0
2015-06-26,127.49,129.8,126.51,126.75,28.4221,195594004,0.0
2015-06-19,126.1,128.31,125.71,126.6,28.3884,198525255,0.0
2015-06-12,128.9,130.18,125.62,127.17,28.5162,220114589,0.0
2015-06-05,131.2,131.39,128.36,128.65,28.8481,170840884,0.0
2015-05-29,132.6,132.91,129.12,130.28,29.2136,198148567,0.0
2015-05-22,128.38,132.97,128.36,132.54,29.7204,217297426,0.0
2015-05-15,127.39,129.49,124.82,128.77,28.875,208301514,0.0
2015-05-08,129.5,130.57,123.36,127.62,28.6172,271891981,0.52
2015-05-01,132.31,134.54,124.58,128.95,28.7959,420972321,0.0
2015-04-24,125.57,130.63,125.17,130.28,29.0929,207440679,0.0
2015-04-17,128.37,128.57,124.46,124.75,27.8579,171186168,0.0
2015-04-10,124.47,128.1218,124.33,127.1,28.3827,182207413,0.0
2015-04-02,124.05,126.49,123.1,125.32,27.9852,162031791,0.0
2015-03-27,127.12,128.04,122.6,123.25,27.523,209326175,0.0
2015-03-20,123.88,129.2451,122.87,125.9,28.1148,266672975,0.0
2015-03-13,127.96,129.57,121.63,123.59,27.5989,326514045,0.0
2015-03-06,129.25,130.28,125.76,126.6,28.2711,246938492,0.0
2015-02-27,130.02,133.6,126.61,128.46,28.6864,368216362,0.0
2015-02-20,127.49,129.5,126.92,129.495,28.9176,194354942,0.0
2015-02-13,118.55,127.48,118.43,127.08,28.3783,303206785,0.0
2015-02-06,118.05,120.51,116.08,118.93,26.5583,270757404,0.47
2015-01-30,113.74,120.0,109.03,117.16,26.0609,465842684,0.0
2015-01-23,107.84,113.75,106.5,112.98,25.1311,198737041,0.0
2015-01-16,112.6,112.8,105.2,105.99,23.5763,304226647,0.0
2015-01-09,108.29,113.25,104.63,112.01,24.9153,282868187,0.0
2015-01-02,113.79,114.77,107.35,109.33,24.3192,152088374,0.0
2014-12-26,112.16,114.52,111.97,113.99,25.3558,119396530,0.0
2014-12-19,110.7,113.24,106.26,111.78,24.8642,328856576,0.0
2014-12-12,114.1,114.85,109.35,109.73,24.4082,259937920,0.0
2014-12-05,118.81,119.25,111.27,115.0,25.5804,266701088,0.0
2014-11-28,116.85,119.75,116.62,118.93,26.4546,181937552,0.0
2014-11-21,114.27,117.57,113.3,116.47,25.9074,233414685,0.0
2014-11-14,109.02,114.19,108.4,114.18,25.398,205166680,0.0
2014-11-07,108.22,110.3,107.72,109.01,24.248,199952812,0.47
2014-10-31,104.85,108.04,104.7,108.0,23.9199,220230607,0.0
2014-10-24,98.315,105.49,98.22,105.22,23.3042,358532919,0.0
2014-10-17,101.33,101.78,95.18,97.67,21.632,358539741,0.0
2014-10-10,99.95,102.38,98.31,100.73,22.3098,280258156,0.0
2014-10-03,98.65,101.54,98.04,99.62,22.0639,247749150,0.0
2014-09-26,101.8,102.94,97.72,100.75,22.3142,337730724,0.0
2014-09-19,102.81,103.05,98.89,100.96,22.3607,296789500,0.0
2014-09-12,99.3,103.08,96.14,101.66,22.5157,461559500,0.0
2014-09-05,103.06,103.74,97.79,98.97,21.92,322672500,0.0
2014-08-29,101.79,102.9,100.7,102.5,22.7018,233048700,0.0
2014-08-22,98.49,101.47,97.98,101.32,22.4404,246983800,0.0
2014-08-15,95.27,98.19,94.8355,97.98,21.7007,179363000,0.0
2014-08-08,96.37,96.58,93.28,94.74,20.9831,223025000,0.47
2014-08-01,97.82,99.44,94.81,96.13,21.1856,236825000,0.0
2014-07-25,94.99,97.88,93.72,97.671,21.5252,276392000,0.0
2014-07-18,95.86,97.1,92.57,94.43,20.8109,249075900,0.0
2014-07-11,94.14,96.8,93.52,95.22,20.985,231830000,0.0
2014-07-03,92.1,94.1,92.09,94.03,20.7228,139168800,0.0
2014-06-27,91.32,92.0,89.65,91.98,20.271,216257000,0.0
2014-06-20,91.51,92.75,90.9,90.91,20.0352,235227000,0.0
2014-06-13,92.7,95.05,90.88,91.28,20.1167,293146997,0.0
2014-06-06,633.96,651.26,622.5,645.57,20.3248,58974500,0.0
2014-05-30,615.88,644.17,615.63,633.0,19.929,57315800,0.0
2014-05-23,597.85,614.7293,597.33,614.13,19.3349,42229300,0.0
2014-05-16,587.49,597.53,585.4,597.51,18.8117,37373300,0.0
2014-05-09,590.14,604.4099,580.33,585.5425,18.4349,52371100,3.29
2014-05-02,572.8,599.43,572.55,592.58,18.5527,67823800,0.0
2014-04-25,525.34,571.99,523.96,571.94,17.9065,68937100,0.0
2014-04-17,521.9,527.76,511.33,524.94,16.435,34688000,0.0
2014-04-11,528.02,532.24,517.14,519.61,16.2681,44688500,0.0
2014-04-04,539.23,543.48,530.58,531.82,16.6504,35265900,0.0
2014-03-28,538.42,549.0,534.25,536.86,16.8082,48584200,0.0
2014-03-21,527.7,536.24,525.2001,532.87,16.6833,43442600,0.0
2014-03-14,528.36,539.66,523.0,524.69,16.4272,41145600,0.0
2014-03-07,523.42,534.75,522.81,530.44,16.6072,39435800,0.0
2014-02-28,523.15,532.75,515.6,526.24,16.4757,52533200,0.0
2014-02-21,546.0,551.19,524.6,525.25,16.4447,41380800,0.0
2014-02-14,518.66,545.9799,518.0,543.99,17.0314,54151400,0.0
2014-02-07,502.61,522.9299,499.3,519.68,16.2703,61947700,3.05
2014-01-31,550.07,554.8,493.55,500.6,15.5802,116661100,0.0
2014-01-24,540.99,557.29,540.42,546.07,16.9954,55039500,0.0
2014-01-17,529.91,560.2,529.88,540.67,16.8273,62811100,0.0
2014-01-10,537.45,546.86,531.11,532.94,16.5867,56159800,0.0
2014-01-03,557.46,561.28,540.43,540.98,16.837,39423800,0.0
2013-12-27,568.0,571.88,559.5,560.09,17.4317,39241200,0.0
2013-12-20,555.02,562.6389,538.8,549.02,17.0872,65538600,0.0
2013-12-13,560.9001,570.97,553.67,554.43,17.2556,55485500,0.0
2013-12-06,558.0,575.1358,550.82,560.02,17.4295,74759100,0.0
2013-11-29,521.02,558.33,521.0,556.07,17.3066,46866800,0.0
2013-11-22,524.99,527.19,513.67,519.8,16.1778,40484000,0.0
2013-11-15,519.99,529.28,514.41,524.991,16.3393,43903200,0.0
2013-11-08,521.1,528.885,512.38,520.56,16.2014,45541200,3.05
2013-11-01,529.04,539.25,514.54,520.03,16.0907,74678500,0.0
2013-10-25,511.77,533.23,508.03,525.958,16.2741,70301800,0.0
2013-10-18,489.83,509.26,489.35,508.89,15.746,49186000,0.0
2013-10-11,486.56,493.84,478.28,492.812,15.2485,51831300,0.0
2013-10-04,477.25,492.35,474.411,483.03,14.9459,53030200,0.0
2013-09-27,496.1,496.91,480.72,482.75,14.9372,68166800,0.0
2013-09-20,461.0,478.55,447.22,467.41,14.4626,89421200,0.0
2013-09-13,505.0,507.92,464.7,464.9,14.3849,95909500,0.0
2013-09-06,493.1,502.24,487.35,498.22,15.4159,45459100,0.0
2013-08-30,500.75,510.2,486.0,487.216,15.0754,56239900,0.0
2013-08-23,504.34,513.74,498.2,501.02,15.5025,59715200,0.0
2013-08-16,456.86,504.25,456.63,502.33,15.5431,101976700,0.0
2013-08-09,464.69,471.89,453.65,454.45,14.0616,52686200,3.05
2013-08-02,440.8,462.85,440.2,462.54,14.2178,48624000,0.0
2013-07-26,429.46,444.59,418.71,440.99,13.5554,57099100,0.0
2013-07-19,425.01,434.87,424.17,424.95,13.0623,40894500,0.0
2013-07-12,420.11,429.79,410.38,426.51,13.1103,54928000,0.0
2013-07-05,402.69,423.29,401.22,417.42,12.8309,49138300,0.0
2013-06-28,407.4,408.66,388.87,396.53,12.1888,74228400,0.0
2013-06-21,431.44,435.7,408.1001,413.5,12.7104,57278900,0.0
2013-06-14,444.73,449.079,428.5,430.05,13.2191,55685400,0.0
2013-06-07,450.73,454.43,432.77,441.811,13.5806,63469300,0.0
2013-05-31,449.9,457.1,439.4,449.735,13.8242,51948000,0.0
2013-05-24,431.91,448.3499,430.1,445.15,13.6833,70708100,0.0
2013-05-17,451.51,457.9,418.9,433.26,13.3178,90599600,0.0
2013-05-10,455.71,465.75,450.48,452.97,13.9236,78083300,3.05
2013-05-03,420.45,453.23,420.0,449.98,13.74,93639400,0.0
2013-04-26,392.64,418.769,391.275,417.205,12.7392,114740900,0.0
2013-04-19,427.0,427.89,385.1,390.53,11.9247,101568600,0.0
2013-04-12,424.85,437.99,422.49,429.8,13.1238,55369600,0.0
2013-04-05,441.9,443.698,419.68,423.2,12.9223,72307500,0.0
2013-03-28,464.69,469.95,441.62,442.66,13.5165,56053800,0.0
2013-03-22,441.45,462.1,441.2,461.91,14.1043,79285500,0.0
2013-03-15,429.7499,444.23,425.14,443.66,13.547,81911900,0.0
2013-03-08,427.8,435.43,419.0,431.72,13.1824,90764100,0.0
2013-03-01,453.85,455.12,429.98,430.47,13.1443,83442600,0.0
2013-02-22,461.1,462.73,442.82,450.81,13.7653,60354400,0.0
2013-02-15,476.5,484.94,459.92,460.16,14.0508,83884700,0.0
2013-02-08,453.91,478.81,442.0,474.98,14.5034,106496800,2.65
2013-02-01,437.825,462.6,435.86,453.62,13.7732,94023200,0.0
2013-01-25,504.56,514.99,435.0,439.88,13.356,142569100,0.0
2013-01-18,502.68,510.75,483.38,500.0,15.1814,115299500,0.0
2013-01-11,522.0,531.89,515.2,520.3,15.7978,82218600,0.0
2013-01-04,510.53,555.0,509.0,527.0,16.0012,77403900,0.0
2012-12-28,520.35,524.25,504.66,509.5892,15.4726,45985300,0.0
2012-12-21,508.93,534.9,501.23,519.33,15.7683,103950700,0.0
2012-12-14,525.0,549.56,505.58,509.794,15.4788,119457600,0.0
2012-12-07,593.65,594.59,518.63,533.25,16.191,140365700,0.0
2012-11-30,575.9,594.25,572.26,585.28,17.7708,92528300,0.0
2012-11-23,540.7097,572.0,539.88,571.5,17.3524,75425000,0.0
2012-11-16,554.15,554.5,505.7501,527.678,16.0218,127954500,0.0
2012-11-09,583.515,590.74,533.72,547.06,16.6103,131562900,2.65
2012-11-02,594.88,603.0,574.75,576.8,17.4305,52524100,0.0
2012-10-26,612.42,635.38,591.0,604.0,18.2525,124541500,0.0
2012-10-19,632.35,652.79,609.62,609.84,18.4289,92572200,0.0
2012-10-12,646.88,647.56,623.55,629.714,19.0295,106894400,0.0
2012-10-05,671.5,676.75,650.65,652.59,19.7208,91450000,0.0
2012-09-28,686.86,695.12,660.35,667.105,20.1594,102295000,0.0
2012-09-21,699.35,705.07,693.62,700.095,21.1564,71663100,0.0
2012-09-14,680.45,696.98,656.0,691.28,20.89,103680300,0.0
2012-09-07,665.76,682.48,664.5,680.44,20.5624,50897500,0.0
2012-08-31,679.99,680.87,657.25,665.24,20.1031,54937600,0.0
2012-08-24,650.01,674.88,648.11,663.222,20.0421,101746300,0.0
2012-08-17,623.39,648.19,623.25,648.11,19.5854,56201400,0.0
2012-08-10,617.29,625.0,615.26,621.7,18.7873,44779900,2.65
2012-08-03,590.92,617.98,587.82,615.7,18.5269,67966100,0.0
2012-07-27,594.4,609.68,570.0,585.16,17.608,97892500,0.0
2012-07-20,605.12,615.35,603.15,604.3,18.1839,60068500,0.0
2012-07-13,605.3,619.87,592.68,604.97,18.2041,75005500,0.0
2012-07-06,584.73,614.34,583.6,605.88,18.2314,55182800,0.0
2012-06-29,577.3,584.0,565.61,584.0,17.5731,53151900,0.0
2012-06-22,570.96,590.0,570.37,582.1,17.5159,63270800,0.0
2012-06-15,587.72,588.5,566.7,574.13,17.2761,71466200,0.0
2012-06-08,561.5,580.584,548.5,580.32,17.4623,74069600,0.0
2012-06-01,570.9,581.5,560.52,560.99,16.8807,68664300,0.0
2012-05-25,534.5,576.5,534.05,562.29,16.9198,97700400,0.0
2012-05-18,562.57,567.51,522.18,530.38,15.9596,101406100,0.0
2012-05-11,561.5,575.88,558.73,566.71,17.0528,77529300,0.0
2012-05-04,597.8,598.4,565.17,565.25,17.0088,88038400,0.0
2012-04-27,570.61,618.0,555.0,603.0,18.1448,138973100,0.0
2012-04-20,610.06,620.25,570.42,572.98,17.2415,174876800,0.0
2012-04-13,626.13,644.0,603.51,605.23,18.2119,130637800,0.0
2012-04-05,601.83,634.66,600.38,633.68,19.068,94542500,0.0
2012-03-30,599.79,621.45,595.26,599.55,18.041,114200300,0.0
2012-03-23,598.37,609.65,582.0,596.05,17.9356,122010700,0.0
2012-03-16,548.982,600.01,547.0,585.57,17.6203,160792400,0.0
2012-03-09,545.42,547.74,516.221,545.17,16.4046,119759300,0.0
2012-03-02,521.31,548.21,516.28,545.18,16.4049,114820100,0.0
2012-02-24,506.88,522.9,504.12,522.41,15.7198,73999900,0.0
2012-02-17,499.53,526.29,486.63,502.12,15.1092,141574700,0.0
2012-02-10,458.38,497.62,458.201,493.42,14.8474,88894400,0.0
2012-02-03,445.71,460.0,445.39,459.68,13.8322,54088100,0.0
2012-01-27,422.67,454.45,419.55,447.28,13.459,86989600,0.0
2012-01-20,424.2,431.369,419.75,420.3,12.6472,42692900,0.0
2012-01-13,425.5001,427.75,418.66,419.81,12.6324,46639800,0.0
2012-01-06,409.4,422.75,409.0,422.4,12.7104,41135900,0.0
2011-12-30,403.1,409.09,400.51,405.0,12.1868,31763500,0.0
2011-12-23,382.47,403.59,380.48,403.33,12.1365,46694700,0.0
2011-12-16,391.68,395.4,377.68,381.02,11.4652,61591500,0.0
2011-12-09,393.49,396.41,386.7625,393.62,11.8444,57818000,0.0
2011-12-02,372.35,393.6299,370.2,389.7,11.7264,67658700,0.0
2011-11-25,370.4,377.93,363.32,363.57,10.9401,55001200,0.0
2011-11-18,383.5201,391.14,374.88,374.94,11.2823,73741600,0.0
2011-11-11,399.91,408.0,380.26,384.62,11.5735,93855000,0.0
2011-11-04,402.42,409.33,393.22,400.24,12.0436,71009200,0.0
2011-10-28,396.18,409.0,393.151,404.95,12.1853,78799200,0.0
2011-10-21,421.74,426.7,390.75,392.87,11.8218,137222200,0.0
2011-10-14,379.09,422.0,378.21,422.0,12.6983,95358600,0.0
2011-10-07,380.37,384.78,354.24,369.8,11.1276,144188800,0.0
2011-09-30,399.86,409.25,381.18,381.32,11.4742,109776400,0.0
2011-09-23,397.0,422.86,395.2045,404.3,12.1657,132869600,0.0
2011-09-16,375.89,400.503,371.9,400.5,12.0514,91408900,0.0
2011-09-09,367.37,388.61,366.48,377.48,11.3587,65758800,0.0
2011-09-02,388.18,392.08,371.83,374.05,11.2555,76015800,0.0
2011-08-26,364.51,383.8,355.09,383.58,11.5422,118972900,0.0
2011-08-19,379.63,384.97,356.0,356.03,10.7132,108167100,0.0
2011-08-12,361.69,379.64,353.02,376.99,11.3439,156286400,0.0
2011-08-05,397.78,399.5,362.57,373.62,11.2425,145031500,0.0
2011-07-29,390.35,404.5,384.0,390.48,11.7499,105440400,0.0
2011-07-22,365.43,396.27,365.28,393.3,11.8347,120585800,0.0
2011-07-15,356.34,365.0,348.62,364.92,10.9807,78604400,0.0
2011-07-08,343.0,360.0,342.5,359.71,10.824,60320600,0.0
2011-07-01,327.59,343.5,327.25,343.26,10.329,62318800,0.0
2011-06-24,317.355,333.15,310.5,326.35,9.8201,90149200,0.0
2011-06-17,327.2,333.25,318.33,320.26,9.6369,78173200,0.0
2011-06-10,344.84,347.05,325.51,325.9,9.8066,72660500,0.0
2011-06-03,341.1,352.132,341.0,343.44,10.3344,58016800,0.0
2011-05-27,329.97,338.56,329.42,337.41,10.153,50925400,0.0
2011-05-20,339.2,342.414,330.73,335.22,10.0871,65572300,0.0
2011-05-13,347.86,350.0,340.35,340.5,10.2459,52534100,0.0
2011-05-06,349.74,351.83,345.5,346.66,10.4313,62907700,0.0
2011-04-29,350.34,354.99,345.52,350.13,10.5357,83173700,0.0
2011-04-21,326.1,355.13,320.16,350.696,10.5527,88705500,0.0
2011-04-15,334.06,336.14,326.8,327.46,9.8535,68793300,0.0
2011-04-08,344.31,344.6,333.95,335.06,10.0822,74869200,0.0
2011-04-01,353.15,354.32,343.3,344.56,10.3681,60155100,0.0
2011-03-25,335.99,352.06,335.26,351.54,10.5781,70069400,0.0
2011-03-18,353.18,356.4844,326.26,330.67,9.9501,133274500,0.0
2011-03-11,361.4,361.67,344.9,351.99,10.5917,83370200,0.0
2011-03-04,351.24,360.29,347.681,360.0,10.8327,86280600,0.0
2011-02-25,342.15,348.43,337.72,348.16,10.4764,86583200,0.0
2011-02-18,356.79,364.9,349.52,350.56,10.5486,86513900,0.0
2011-02-11,347.89,360.0,347.64,356.85,10.7379,94461800,0.0
2011-02-04,335.8,346.7,334.3,346.5,10.4265,63516900,0.0
2011-01-28,326.87,345.6,326.72,336.1,10.1135,89482500,0.0
2011-01-21,329.52,348.6,326.0,326.72,9.8313,161992900,0.0
2011-01-14,338.83,348.48,337.17,348.48,10.4861,64317100,0.0
2011-01-07,325.64,336.35,324.8365,336.12,10.1141,57932100,0.0
2010-12-31,322.8519,326.66,321.31,322.56,9.7061,33567200,0.0
2010-12-23,321.6,325.72,318.23,323.6,9.7374,40394400,0.0
2010-12-17,324.37,325.06,319.0,320.61,9.6474,68467700,0.0
2010-12-10,318.64,323.99,317.11,320.56,9.6459,61376200,0.0
2010-12-03,315.5,319.0,310.87,317.44,9.552,79083000,0.0
2010-11-26,306.68,317.6999,305.87,315.0,9.4786,55851200,0.0
2010-11-19,308.46,310.54,297.76,306.73,9.2298,86430000,0.0
2010-11-12,317.2,321.3,303.63,308.03,9.2689,78809300,0.0
2010-11-05,302.22,320.18,302.2,317.13,9.5427,84639600,0.0
2010-10-29,309.09,311.6,300.87,300.98,9.0567,77355600,0.0
2010-10-22,318.47,319.0,300.02,307.47,9.252,141844900,0.0
2010-10-15,294.74,315.0,292.49,314.74,9.4708,106210000,0.0
2010-10-08,281.6,294.5,277.77,294.07,8.8488,95533600,0.0
2010-10-01,293.975,294.73,275.0,282.52,8.5013,111037700,0.0
2010-09-24,276.08,293.53,275.85,292.32,8.7962,119558800,0.0
2010-09-17,265.82,277.96,265.52,275.37,8.2861,89745700,0.0
2010-09-10,256.64,266.52,256.25,263.41,7.9262,60543800,0.0
2010-09-03,240.76,258.78,240.35,258.77,7.7866,87047500,0.0
2010-08-27,251.79,252.0,235.56,241.62,7.2705,93870400,0.0
2010-08-20,247.58,254.67,246.62,249.64,7.5119,67560800,0.0
2010-08-13,261.48,262.15,246.12,249.1,7.4956,80889000,0.0
2010-08-06,260.44,264.28,257.63,260.091,7.8264,71431400,0.0
2010-07-30,260.0,265.99,254.9,257.25,7.7409,93475900,0.0
2010-07-23,249.88,265.15,239.6,259.94,7.8218,159421700,0.0
2010-07-16,258.53,261.85,246.43,249.9,7.5197,158234800,0.0
2010-07-09,251.0,262.9,246.16,259.62,7.8122,87187800,0.0
2010-07-02,266.93,269.75,243.2,246.94,7.4306,149088700,0.0
2010-06-25,277.69,279.01,265.81,266.7,8.0252,125943900,0.0
2010-06-18,255.96,275.0,254.01,274.074,8.2471,129613900,0.0
2010-06-11,258.29,259.15,242.2,253.51,7.6283,145159200,0.0
2010-06-04,259.69,265.94,254.63,255.965,7.7022,106194000,0.0
2010-05-28,247.28,259.4,237.16,256.88,7.7297,147671300,0.0
2010-05-21,254.7,258.55,231.35,242.32,7.2916,181358800,0.0
2010-05-14,250.25,265.0,248.53,253.82,7.6377,137381000,0.0
2010-05-07,263.84,267.88,199.25,235.86,7.0972,179398000,0.0
2010-04-30,271.88,272.46,256.41,261.09,7.8564,108861400,0.0
2010-04-23,247.03,272.18,241.77,270.83,8.1495,138500800,0.0
2010-04-16,242.2,251.14,241.11,247.4,7.4445,77523000,0.0
2010-04-09,234.975,241.92,234.77,241.79,7.2757,95257100,0.0
2010-04-01,233.0,238.73,231.62,235.97,7.1005,75066400,0.0
2010-03-26,220.47,231.95,220.15,230.9,6.948,101421100,0.0
2010-03-19,225.38,226.45,220.25,222.2499,6.6877,81890100,0.0
2010-03-12,220.01,227.73,217.89,226.6,6.8186,98871100,0.0
2010-03-05,205.75,219.7,205.45,218.95,6.5884,98369800,0.0
2010-02-26,202.34,205.17,195.71,204.62,6.1572,92814700,0.0
2010-02-19,201.94,204.31,200.86,201.67,6.0684,64943900,0.0
2010-02-12,195.69,201.64,194.0,200.38,6.0296,95976200,0.0
2010-02-05,192.37,200.2,190.85,195.46,5.8816,131125200,0.0
2010-01-29,202.51,213.71,190.25,192.063,5.7793,252672600,0.0
2010-01-22,208.33,215.55,197.16,197.75,5.9505,101145800,0.0
2010-01-15,212.8,213.0,204.1,205.93,6.1966,96055100,0.0
2010-01-08,213.43,215.59,209.05,211.98,6.3787,91876300,0.0
2009-12-31,211.72,213.95,208.31,210.732,6.3411,66223800,0.0
2009-12-24,196.05,209.35,195.67,209.04,6.2902,64565600,0.0
2009-12-18,195.37,197.51,191.0,195.43,5.8807,80923000,0.0
2009-12-11,193.32,199.7,188.68,194.67,5.8578,107478000,0.0
2009-12-04,201.11,202.77,190.28,193.32,5.8172,102910200,0.0
2009-11-27,203.0,206.0,198.37,200.59,6.0359,49108800,0.0
2009-11-20,205.48,208.0,197.76,199.92,6.0158,78751200,0.0
2009-11-13,196.94,205.0,196.26,204.45,6.1521,74317600,0.0
2009-11-06,189.8,195.19,185.57,194.34,5.8479,84605500,0.0
2009-10-30,203.67,206.75,186.0667,188.5,5.6721,119538300,0.0
2009-10-23,187.85,208.7099,185.55,203.94,6.1367,160327700,0.0
2009-10-16,191.02,192.32,187.84,188.05,5.6586,64876400,0.0
2009-10-09,186.2,191.45,184.2701,190.47,5.7314,79477500,0.0
2009-10-02,183.87,187.4,180.7,184.9,5.5638,82158400,0.0
2009-09-25,184.29,188.9,181.44,182.37,5.4877,85148300,0.0
2009-09-18,170.83,186.79,170.25,185.02,5.5674,104095000,0.0
2009-09-11,172.98,174.47,169.7,172.16,5.1804,70222500,0.0
2009-09-04,168.16,170.7,164.11,170.31,5.1248,64757100,0.0
2009-08-28,170.12,172.49,164.83,170.05,5.1169,69220200,0.0
2009-08-21,163.55,169.37,159.42,169.22,5.092,75961100,0.0
2009-08-14,165.66,168.67,161.88,166.78,5.0186,65946600,0.0
2009-08-07,165.21,167.39,163.09,165.51,4.9803,69364500,0.0
2009-07-31,160.17,165.0,157.26,163.39,4.9165,73970200,0.0
2009-07-24,153.27,160.0,149.75,159.986,4.8141,123204900,0.0
2009-07-17,139.54,152.02,137.53,151.75,4.5663,82573600,0.0
2009-07-10,138.7,139.68,134.42,138.52,4.1682,83018400,0.0
2009-07-02,143.46,144.66,139.79,140.02,4.2133,63803500,0.0
2009-06-26,140.67,143.56,132.88,142.44,4.2861,101993000,0.0
2009-06-19,136.01,139.5,134.53,139.48,4.1971,99125200,0.0
2009-06-12,143.82,144.56,136.04,136.97,4.1215,120898200,0.0
2009-06-05,136.47,146.4,136.0,144.67,4.3532,94902600,0.0
2009-05-29,124.76,135.9,124.55,135.81,4.0866,79551300,0.0
2009-05-22,123.73,129.31,121.57,122.5,3.6861,68778300,0.0
2009-05-15,127.37,130.96,119.38,122.42,3.6837,86625200,0.0
2009-05-08,128.24,133.5,126.26,129.19,3.8874,88603300,0.0
2009-05-01,122.9,127.95,122.66,127.24,3.8288,81809400,0.0
2009-04-24,121.73,127.2,118.6,123.9,3.7283,120065700,0.0
2009-04-17,120.01,124.25,115.76,123.42,3.7138,83845800,0.0
2009-04-09,114.94,120.0,113.28,119.57,3.598,77894000,0.0
2009-04-03,104.51,116.13,102.61,115.99,3.4902,111102000,0.0
2009-03-27,102.71,109.98,101.75,106.85,3.2152,109384000,0.0
2009-03-20,96.45,103.48,94.18,101.59,3.0569,127703400,0.0
2009-03-13,84.12,97.2,82.57,95.93,2.8866,134234100,0.0
2009-03-06,89.31,92.77,82.33,85.3,2.5667,141240000,0.0
2009-02-27,91.6,92.92,86.51,89.31,2.6874,134416700,0.0
2009-02-20,96.79,97.04,89.0,91.2,2.7443,108433500,0.0
2009-02-13,101.165,103.0,95.77,99.16,2.9838,130900400,0.0
2009-02-06,89.1,100.0,88.9,99.72,3.0007,121515500,0.0
2009-01-30,88.88,95.0,88.3,90.13,2.7121,121996100,0.0
2009-01-23,81.93,90.0,78.2,88.36,2.6588,149374400,0.0
2009-01-16,90.46,90.99,80.05,82.33,2.4774,189894200,0.0
2009-01-09,93.17,97.17,90.04,90.58,2.7256,158725500,0.0
2009-01-02,86.52,91.04,84.72,90.75,2.7307,107398500,0.0
2008-12-26,90.02,90.03,84.55,85.81,2.5821,73551100,0.0
2008-12-19,95.99,96.48,88.02,90.0,2.7082,176373600,0.0
2008-12-12,97.28,103.6,92.53,98.27,2.957,193159900,0.0
2008-12-05,91.3,96.23,86.5,94.0,2.8285,198083400,0.0
2008-11-28,85.21,95.25,84.84,92.67,2.7885,138398600,0.0
2008-11-21,88.48,91.58,79.14,82.58,2.4849,243936000,0.0
2008-11-14,100.17,100.4,86.02,90.24,2.7154,242381800,0.0
2008-11-07,105.93,111.79,95.72,98.24,2.9561,218835800,0.0
2008-10-31,95.07,112.19,91.86,107.59,3.2375,288990300,0.0
2008-10-24,99.78,101.25,90.11,96.38,2.9002,330611700,0.0
2008-10-17,104.55,116.4,85.885,97.4,2.9308,315964100,0.0
2008-10-10,91.96,101.5,85.0,96.8,2.9128,358236200,0.0
2008-10-03,119.62,119.68,94.65,97.07,2.9209,337463800,0.0
2008-09-26,139.94,140.25,123.0,128.24,3.8588,189878200,0.0
2008-09-19,142.03,147.69,120.68,140.91,4.2401,229573400,0.0
2008-09-12,164.57,164.89,146.0,148.94,4.4817,179582500,0.0
2008-09-05,172.4,173.5,157.65,160.18,4.82,108781000,0.0
2008-08-29,176.15,176.25,169.0401,169.53,5.1013,87086800,0.0
2008-08-22,175.57,177.81,171.81,176.79,5.3198,94804500,0.0
2008-08-15,170.07,180.45,169.67,175.74,5.2882,142481500,0.0
2008-08-08,156.58,169.65,152.91,169.55,5.1019,123524200,0.0
2008-08-01,162.18,162.47,153.65,156.66,4.714,120432300,0.0
2008-07-25,166.9,168.37,146.53,162.12,4.8783,206253100,0.0
2008-07-18,175.37,179.3,165.0,165.15,4.9695,153565300,0.0
2008-07-11,173.0,180.91,171.0,172.58,5.1931,156257800,0.0
2008-07-03,170.04,177.45,164.0,170.12,5.1191,112727100,0.0
2008-06-27,174.78,178.83,164.15,170.09,5.1182,136572800,0.0
2008-06-20,171.25,182.34,169.07,175.27,5.274,158684700,0.0
2008-06-13,184.92,186.78,165.31,172.37,5.1868,237327700,0.0
2008-06-06,188.5,189.95,182.3354,185.64,5.5861,138543300,0.0
2008-05-30,182.8,189.54,181.84,188.75,5.6796,99687700,0.0
2008-05-23,187.9,188.69,172.0,181.17,5.4516,185249300,0.0
2008-05-16,185.12,192.24,182.85,187.6201,5.6456,149914300,0.0
2008-05-09,181.81,188.2,180.54,183.45,5.5202,160811400,0.0
2008-05-02,169.74,181.92,169.13,180.94,5.4446,169995500,0.0
2008-04-25,162.35,171.1,158.09,169.73,5.1073,238266300,0.0
2008-04-18,146.77,162.26,144.54,161.04,4.8458,145354700,0.0
2008-04-11,156.13,159.69,146.4,147.14,4.4276,186137800,0.0
2008-04-04,143.27,154.715,142.52,153.08,4.6063,169699500,0.0
2008-03-28,134.01,145.74,133.64,143.01,4.3033,179137000,0.0
2008-03-20,122.55,134.29,122.55,133.27,4.0102,149894400,0.0
2008-03-14,121.98,130.3,119.37,126.61,3.8098,201496600,0.0
2008-03-07,124.44,127.5,118.0,122.25,3.6786,260872300,0.0
2008-02-29,118.59,132.2,115.44,125.02,3.762,253947700,0.0
2008-02-22,125.99,126.75,115.87,119.46,3.5947,158588500,0.0
2008-02-15,128.01,131.0,123.62,124.63,3.7502,187548000,0.0
2008-02-08,134.21,135.9,117.27,125.48,3.7758,251887600,0.0
2008-02-01,128.16,136.65,126.45,133.75,4.0246,220510600,0.0
2008-01-25,148.06,159.98,126.14,130.01,3.9121,334583200,0.0
2008-01-18,177.52,179.42,156.7,161.36,4.8555,326420600,0.0
2008-01-11,181.25,183.6,168.3,172.69,5.1964,290184000,0.0
2008-01-04,199.5,200.5,178.89,180.05,5.4179,139871800,0.0
2007-12-28,195.03,202.96,194.79,199.83,6.0131,95682500,0.0
2007-12-21,190.72,193.9125,178.6,193.91,5.8349,172956900,0.0
2007-12-14,193.59,200.0,185.76,190.39,5.729,164210500,0.0
2007-12-07,181.86,194.99,176.99,194.3,5.8467,164055300,0.0
2007-11-30,173.59,187.7,170.01,182.22,5.4832,214729500,0.0
2007-11-23,166.1,172.35,162.1,171.54,5.1618,156487100,0.0
2007-11-16,165.28,177.57,150.63,166.39,5.0068,279592300,0.0
2007-11-09,185.29,192.68,165.21,165.37,4.9761,220356800,0.0
2007-11-02,185.7,190.12,180.0,187.87,5.6532,147158200,0.0
2007-10-26,170.35,188.6,169.9601,184.7,5.5578,229058000,0.0
2007-10-19,167.98,174.63,163.5,170.42,5.1281,192458200,0.0
2007-10-12,163.49,171.88,153.21,167.2537,5.0328,187141900,0.0
2007-10-05,154.63,161.58,152.93,161.4499,4.8582,140074500,0.0
2007-09-28,146.73,155.0,146.65,153.47,4.618,160474300,0.0
2007-09-21,138.99,144.65,137.6,144.15,4.3376,168395100,0.0
2007-09-14,137.0,139.4,133.75,138.81,4.1769,169499200,0.0
2007-09-07,139.94,145.84,130.0,131.77,3.9651,249175100,0.0
2007-08-31,133.3907,139.65,126.63,138.48,4.167,191647700,0.0
2007-08-24,123.96,135.37,120.5,135.3,4.0713,176671500,0.0
2007-08-17,128.33,129.35,111.62,122.06,3.6729,198090100,0.0
2007-08-10,132.9,137.24,120.3,125.0,3.7614,186405300,0.0
2007-08-03,144.33,145.45,127.77,131.8499,3.9675,219691800,0.0
2007-07-27,143.31,148.92,134.15,143.85,4.3286,274131900,0.0
2007-07-20,138.39,144.18,136.04,143.75,4.3256,153699800,0.0
2007-07-13,132.38,137.85,128.81,137.73,4.1444,167314800,0.0
2007-07-06,121.05,133.34,119.3,132.3,3.981,160181800,0.0
2007-06-29,124.19,125.09,118.72,122.04,3.6723,187896100,0.0
2007-06-22,123.28,125.18,120.72,123.0,3.7012,151788000,0.0
2007-06-15,126.0,126.15,115.4,120.5,3.6259,243095100,0.0
2007-06-08,118.63,127.61,117.9,124.49,3.746,217016500,0.0
2007-06-01,114.45,122.17,112.69,118.4,3.5628,153802400,0.0
2007-05-25,110.31,115.0,110.05,113.62,3.4189,130142800,0.0
2007-05-18,109.62,110.64,103.42,110.02,3.3106,146066600,0.0
2007-05-11,101.08,109.13,101.01,108.74,3.2721,150509500,0.0
2007-05-04,100.09,101.6,98.55,100.81,3.0335,93294400,0.0
2007-04-27,91.585,102.5,91.3,99.92,3.0067,194995300,0.0
2007-04-20,90.57,92.3,89.6,90.97,2.7374,99060400,0.0
2007-04-13,95.21,95.3,90.0599,90.24,2.7154,96123000,0.0
2007-04-05,94.14,95.23,93.02,94.68,2.849,68508100,0.0
2007-03-30,93.99,96.83,92.23,92.91,2.7957,145202100,0.0
2007-03-23,90.24,94.36,89.59,93.52,2.8141,103612500,0.0
2007-03-16,88.07,90.6,87.92,89.59,2.6958,125896000,0.0
2007-03-09,85.89,88.97,85.76,87.97,2.6471,112543500,0.0
2007-03-02,89.84,90.0,83.0,85.41,2.5701,177023800,0.0
2007-02-23,84.65,90.81,84.16,89.07,2.6802,111754800,0.0
2007-02-16,84.43,85.64,83.63,84.83,2.5526,92020300,0.0
2007-02-09,84.3,86.51,82.86,83.27,2.5057,144630100,0.0
2007-02-02,86.3,86.65,83.7,84.75,2.5502,129342000,0.0
2007-01-26,89.14,89.16,84.99,85.38,2.5692,195789700,0.0
2007-01-19,95.68,97.6,88.12,88.5,2.663,236407700,0.0
2007-01-12,85.96,97.8,85.15,94.62,2.8472,351865300,0.0
2007-01-05,86.29,86.58,81.9,85.05,2.5592,104297200,0.0
2006-12-29,82.15,85.4,76.77,84.84,2.5529,165098200,0.0
2006-12-22,87.625,88.0,81.6,82.2,2.4735,132770600,0.0
2006-12-15,88.9,90.0,85.53,87.72,2.6396,141275800,0.0
2006-12-08,91.88,92.33,86.9,88.26,2.6558,135702300,0.0
2006-12-01,92.51,93.159,89.5,91.32,2.7479,176202100,0.0
2006-11-24,85.4,93.08,85.2,91.63,2.7572,85145700,0.0
2006-11-17,83.22,86.3,82.64,85.85,2.5833,101975600,0.0
2006-11-10,78.95,84.69,78.43,83.12,2.5012,105298000,0.0
2006-11-03,79.985,81.68,77.79,78.29,2.3558,89641300,0.0
2006-10-27,79.99,82.6,79.75,80.41,2.4196,100309200,0.0
2006-10-20,75.19,79.99,73.91,79.95,2.4058,152711300,0.0
2006-10-13,73.8,76.88,72.6,75.02,2.2574,100668500,0.0
2006-10-06,75.1,76.16,73.16,74.22,2.2333,124402600,0.0
2006-09-29,73.81,77.78,73.72,76.98,2.3164,139347700,0.0
2006-09-22,73.8,76.06,72.58,73.0,2.1966,132048400,0.0
2006-09-15,72.43,74.98,71.42,74.1,2.2297,198697600,0.0
2006-09-08,68.97,73.57,68.55,72.52,2.1822,148230000,0.0
2006-09-01,68.5,68.65,65.12,68.38,2.0576,119601000,0.0
2006-08-25,67.3,69.05,66.15,68.75,2.0687,101378700,0.0
2006-08-18,64.05,68.66,63.6,67.91,2.0435,124205700,0.0
2006-08-11,67.72,69.6,62.58,63.65,1.9153,166946600,0.0
2006-08-04,66.83,70.0,64.96,68.3,2.0552,173188800,0.0
2006-07-28,61.26,65.68,60.43,65.59,1.9737,129889500,0.0
2006-07-21,51.73,61.59,51.65,60.72,1.8271,224277600,0.0
2006-07-14,55.7,56.49,50.16,50.67,1.5247,161594300,0.0
2006-07-07,57.52,58.18,54.67,55.4,1.667,76627900,0.0
2006-06-30,59.17,59.22,55.41,57.27,1.7233,124319500,0.0
2006-06-23,57.83,60.17,57.0,58.83,1.7702,138095800,0.0
2006-06-16,58.83,59.74,56.69,57.56,1.732,168037500,0.0
2006-06-09,61.15,61.56,57.15,59.52,1.791,151987500,0.0
2006-06-02,63.29,63.3,58.69,61.66,1.8554,124024100,0.0
2006-05-26,63.87,65.19,61.56,63.549,1.9122,115205100,0.0
2006-05-19,67.37,68.38,62.82,64.51,1.9412,138015000,0.0
2006-05-12,72.99,73.8,66.86,67.7,2.0371,108602500,0.0
2006-05-05,70.78,72.89,69.16,71.89,2.1632,129763100,0.0
2006-04-28,66.92,71.3,65.5,70.39,2.1181,126891500,0.0
2006-04-21,66.51,70.0,64.35,67.04,2.0173,180670900,0.0
2006-04-13,70.24,70.93,65.81,66.469,2.0001,118478700,0.0
2006-04-07,63.66,72.05,61.05,69.79,2.1,292504700,0.0
2006-03-31,60.23,63.61,57.67,62.72,1.8873,251115600,0.0
2006-03-24,65.21,65.46,59.03,59.96,1.8042,207018200,0.0
2006-03-17,65.61,68.04,64.11,64.66,1.9457,141317300,0.0
2006-03-10,67.6,67.72,62.45,63.19,1.9014,152901500,0.0
2006-03-03,72.02,72.4,67.53,67.72,2.0378,149463600,0.0
2006-02-24,70.63,73.0,68.0,71.46,2.1503,112482400,0.0
2006-02-17,66.52,71.01,64.64,70.29,2.1151,168870800,0.0
2006-02-10,72.16,72.51,62.9,67.31,2.0254,246569800,0.0
2006-02-03,71.28,76.6,70.87,71.847,2.1619,151163400,0.0
2006-01-27,76.1,79.56,71.1,72.03,2.1674,200465100,0.0
2006-01-20,85.7,86.38,75.83,76.089,2.2896,173816700,0.0
2006-01-13,76.73,86.4,75.74,85.5899,2.5755,232350700,0.0
2006-01-06,72.332,76.7,72.25,76.3,2.2959,92168500,0.0
2005-12-30,74.0,75.18,70.34,71.89,2.1632,75106900,0.0
2005-12-23,71.11,74.49,71.04,73.35,2.2072,74450300,0.0
2005-12-16,74.87,75.46,70.27,71.11,2.1398,132209300,0.0
2005-12-09,71.95,74.83,71.49,74.3305,2.2367,123787400,0.0
2005-12-02,70.72,72.74,67.35,72.63,2.1855,150510100,0.0
2005-11-25,64.82,69.54,63.72,69.34,2.0865,69030700,0.0
2005-11-18,61.54,65.88,60.91,64.56,1.9427,103302000,0.0
2005-11-11,60.85,62.11,59.01,61.54,1.8518,98440000,0.0
2005-11-04,55.2,62.32,54.75,61.15,1.8401,153928900,0.0
2005-10-28,55.25,57.56,54.17,54.47,1.639,103135800,0.0
2005-10-21,53.98,56.98,51.21,55.66,1.6749,156771200,0.0
2005-10-14,51.84,54.35,47.87,54.0,1.6249,261857300,0.0
2005-10-07,54.16,55.35,50.55,51.3,1.5437,110471500,0.0
2005-09-30,54.03,54.56,50.59,53.61,1.6132,113653200,0.0
2005-09-23,51.05,53.81,51.05,53.2,1.6008,109303300,0.0
2005-09-16,51.1,51.63,49.33,51.21,1.541,86652400,0.0
2005-09-09,46.69,51.35,46.55,51.31,1.544,110713400,0.0
2005-09-02,45.27,47.17,45.26,46.22,1.3908,62741400,0.0
2005-08-26,46.15,47.12,45.26,45.74,1.3764,64025700,0.0
2005-08-19,46.48,48.33,45.75,45.83,1.3791,105114400,0.0
2005-08-12,43.0,46.22,42.61,46.1,1.3872,75221000,0.0
2005-08-05,42.6,43.5,42.02,42.99,1.2936,49310100,0.0
2005-07-29,43.99,44.38,42.26,42.65,1.2834,59298600,0.0
2005-07-22,41.41,44.04,41.07,44.0,1.324,86290200,0.0
2005-07-15,38.37,42.01,37.78,41.55,1.2503,151585900,0.0
2005-07-08,36.6,38.28,36.5,38.25,1.151,54405500,0.0
2005-07-01,36.84,38.1,36.12,36.5,1.0983,73829300,0.0
2005-06-24,37.85,39.78,37.38,37.76,1.1362,78719000,0.0
2005-06-17,35.89,38.54,35.75,38.31,1.1528,88955800,0.0
2005-06-10,38.33,38.63,35.52,35.81,1.0776,108229500,0.0
2005-06-03,40.66,40.76,37.77,38.24,1.1507,78173600,0.0
2005-05-27,37.85,40.94,37.85,40.56,1.2205,102627500,0.0
2005-05-20,34.56,37.68,34.53,37.55,1.1299,105184800,0.0
2005-05-13,37.24,37.45,33.11,34.77,1.0463,161103400,0.0
2005-05-06,36.21,37.33,36.02,37.24,1.1206,75873200,0.0
2005-04-29,36.49,37.51,35.22,36.06,1.0851,122056900,0.0
2005-04-22,35.03,37.74,34.0,35.5,1.0682,176881200,0.0
2005-04-15,44.22,44.25,35.28,35.35,1.0637,273426800,0.0
2005-04-08,40.99,44.45,40.16,43.74,1.3162,96714900,0.0
2005-04-01,42.75,42.96,40.57,40.89,1.2304,86040900,0.0
2005-03-24,43.29,43.97,42.02,42.5,1.2789,73395400,0.0
2005-03-18,40.52,43.44,39.52,42.96,1.2927,126924200,0.0
2005-03-11,42.8,43.25,38.83,40.27,1.2118,150160300,0.0
2005-03-04,44.68,45.14,41.22,42.81,1.2882,122158100,0.0
2005-02-25,86.3,89.91,85.29,88.99,1.3389,89268100,0.0
2005-02-18,83.16,90.88,82.05,86.81,1.3061,141154500,0.0
2005-02-11,78.93,81.99,76.66,81.21,1.2218,87500100,0.0
2005-02-04,74.58,79.91,74.51,78.84,1.1862,83477900,0.0
2005-01-28,70.98,73.98,70.55,73.98,1.1131,68717800,0.0
2005-01-21,69.74,71.6,69.21,70.49,1.0606,64010900,0.0
2005-01-14,69.9,74.42,63.3,70.2,1.0562,199858900,0.0
2005-01-07,64.78,69.63,62.6,69.25,1.0419,96468600,0.0
2004-12-31,64.64,65.15,62.05,64.4,0.9689,40084600,0.0
2004-12-23,65.48,66.0,61.6,64.01,0.9631,54362500,0.0
2004-12-17,65.74,67.5,64.6,64.99,0.9778,55691700,0.0
2004-12-10,64.31,66.73,62.05,65.15,0.9802,80607100,0.0
2004-12-03,69.0,69.57,61.75,62.68,0.943,103005000,0.0
2004-11-26,58.04,65.76,57.9,64.55,0.9712,96796300,0.0
2004-11-19,55.08,56.91,54.22,55.17,0.8301,40952300,0.0
2004-11-12,54.53,55.69,53.38,55.5,0.835,41327900,0.0
2004-11-05,52.5,56.11,52.04,54.72,0.8233,83390800,0.0
2004-10-29,47.19,53.2,46.97,52.4,0.7884,68839000,0.0
2004-10-22,44.79,48.35,44.7,47.41,0.7133,68132600,0.0
2004-10-15,38.8,45.75,37.65,45.5,0.6846,102618300,0.0
2004-10-08,39.01,40.93,38.4,39.06,0.5877,39498700,0.0
2004-10-01,36.97,39.27,36.83,38.67,0.5818,34189800,0.0
2004-09-24,36.9,38.87,36.81,37.29,0.561,32147000,0.0
2004-09-17,35.86,37.38,34.78,37.14,0.5588,31673100,0.0
2004-09-10,35.4,36.57,35.23,35.87,0.5397,25622100,0.0
2004-09-03,34.02,35.99,33.96,35.23,0.5301,32325400,0.0
2004-08-27,30.86,35.18,30.6,34.35,0.5168,44269400,0.0
2004-08-20,30.88,31.86,30.35,30.8,0.4634,32661600,0.0
2004-08-13,29.85,31.54,29.81,30.84,0.464,27116500,0.0
2004-08-06,31.18,32.3,29.7,29.78,0.4481,28392900,0.0
2004-07-30,30.85,33.0,30.78,32.34,0.4866,28020900,0.0
2004-07-23,32.05,32.71,30.48,30.7,0.4619,31533300,0.0
2004-07-16,30.01,33.63,28.74,32.2,0.4845,69994700,0.0
2004-07-09,31.27,31.42,29.95,30.03,0.4518,21236000,0.0
2004-07-02,33.9,34.19,29.73,31.08,0.4676,48880700,0.0
2004-06-25,33.1,33.83,32.12,33.7,0.507,30670300,0.0
2004-06-18,30.65,33.409,29.5,32.91,0.4951,45639900,0.0
2004-06-10,29.04,30.97,28.81,30.74,0.4625,23540700,0.0
2004-06-04,27.79,29.25,27.61,28.78,0.433,20551600,0.0
2004-05-28,27.25,28.78,27.11,28.06,0.4222,22490000,0.0
2004-05-21,26.7,27.5,26.36,27.11,0.4079,22469500,0.0
2004-05-14,26.27,27.72,25.94,27.06,0.4071,23004000,0.0
2004-05-07,26.0,27.57,25.5,26.67,0.4013,26755700,0.0
2004-04-30,27.58,27.635,25.49,25.78,0.3879,29883100,0.0
2004-04-23,28.12,28.75,27.05,27.7,0.4168,36663600,0.0
2004-04-16,27.5,29.58,26.31,29.18,0.439,61983000,0.0
2004-04-08,27.48,28.37,26.92,27.53,0.4142,20351800,0.0
2004-04-02,27.4,27.99,26.62,27.5,0.4137,30249800,0.0
2004-03-26,25.37,27.36,25.22,27.04,0.4068,39626800,0.0
2004-03-19,27.03,27.35,25.39,25.86,0.3891,39790000,0.0
2004-03-12,26.79,28.14,25.75,27.56,0.4147,54879900,0.0
2004-03-05,24.09,27.49,23.6,26.74,0.4023,53648600,0.0
2004-02-27,22.45,24.02,21.8899,23.92,0.3599,24940300,0.0
2004-02-20,23.1,23.64,22.21,22.4,0.337,16308500,0.0
2004-02-13,22.62,24.1,22.44,23.0,0.346,23073500,0.0
2004-02-06,22.46,22.91,21.7,22.71,0.3417,23571100,0.0
2004-01-30,22.46,23.38,22.19,22.56,0.3394,22352500,0.0
2004-01-23,22.67,22.97,22.18,22.56,0.3394,17406800,0.0
2004-01-16,23.16,24.84,22.5,22.72,0.3418,56743500,0.0
2004-01-09,21.42,24.13,21.42,23.0,0.346,42482200,0.0
2004-01-02,20.91,21.75,20.86,21.28,0.3202,13525100,0.0
2003-12-26,19.65,20.91,19.25,20.78,0.3126,17263100,0.0
2003-12-19,21.49,21.49,19.62,19.7,0.2964,32528600,0.0
2003-12-12,20.78,21.34,19.96,20.89,0.3143,16616600,0.0
2003-12-05,21.04,21.9,20.73,20.85,0.3137,20040100,0.0
2003-11-28,20.5,21.27,20.249,20.91,0.3146,17351900,0.0
2003-11-21,21.35,21.37,19.85,20.28,0.3051,23597500,0.0
2003-11-14,22.45,22.72,21.28,21.46,0.3229,21413800,0.0
2003-11-07,22.83,23.3,22.45,22.5,0.3385,26460100,0.0
2003-10-31,22.75,24.0,22.4,22.89,0.3444,20705700,0.0
2003-10-24,22.6,23.4,22.23,22.6,0.34,17897500,0.0
2003-10-17,23.73,25.011,22.41,22.75,0.3423,44658600,0.0
2003-10-10,21.67,23.81,21.58,23.68,0.3563,29245700,0.0
2003-10-03,21.49,21.86,20.19,21.69,0.3263,24837500,0.0
2003-09-26,22.18,22.5,20.149,20.69,0.3113,27414100,0.0
2003-09-19,22.81,23.05,21.855,22.58,0.3397,22216300,0.0
2003-09-12,22.48,23.14,22.1,23.1,0.3475,17253200,0.0
2003-09-05,22.66,23.32,22.4,22.5,0.3385,16979900,0.0
2003-08-29,20.78,22.85,20.35,22.61,0.3402,19843300,0.0
2003-08-22,19.86,22.0,19.72,20.88,0.3141,19736900,0.0
2003-08-15,19.82,20.34,19.46,19.71,0.2965,16150200,0.0
2003-08-08,20.53,21.5,19.42,19.64,0.2955,18518900,0.0
2003-08-01,21.5,21.505,20.17,20.73,0.3119,17716800,0.0
2003-07-25,20.69,21.57,20.2999,21.54,0.3241,17342700,0.0
2003-07-18,20.01,21.18,19.38,20.859,0.3138,30286300,0.0
2003-07-11,19.27,20.5,19.13,19.85,0.2987,19008000,0.0
2003-07-03,18.68,19.55,18.51,19.13,0.2878,15468100,0.0
2003-06-27,19.301,19.69,18.48,18.73,0.2818,29983100,0.0
2003-06-20,17.6,19.61,17.45,19.2,0.2889,28733000,0.0
2003-06-13,16.94,17.95,16.63,17.42,0.2621,19741900,0.0
2003-06-06,18.1,18.29,17.02,17.15,0.258,26741700,0.0
2003-05-30,17.96,18.9,17.53,17.95,0.2701,24041500,0.0
2003-05-23,18.53,18.65,17.6,18.32,0.2756,27719600,0.0
2003-05-16,18.15,19.0,17.95,18.8,0.2829,33005000,0.0
2003-05-09,14.77,18.4,14.75,18.3,0.2753,96441100,0.0
2003-05-02,13.48,14.59,13.43,14.45,0.2174,39592000,0.0
2003-04-25,13.13,13.63,12.98,13.35,0.2009,21303500,0.0
2003-04-17,13.71,13.75,12.72,13.12,0.1974,43560000,0.0
2003-04-11,14.85,14.95,12.93,13.2,0.1986,35220200,0.0
2003-04-04,14.34,14.7,14.04,14.41,0.2168,15609000,0.0
2003-03-28,14.67,14.83,14.3,14.57,0.2192,13836400,0.0
2003-03-21,14.89,15.15,14.6,15.0,0.2257,22006000,0.0
2003-03-14,14.51,15.01,14.06,14.78,0.2224,17979800,0.0
2003-03-07,15.01,15.16,14.31,14.53,0.2186,13530400,0.0
2003-02-28,14.86,15.09,13.8,15.01,0.2258,16704100,0.0
2003-02-21,14.75,15.3,14.65,15.0,0.2257,16304700,0.0
2003-02-14,14.26,14.72,14.06,14.67,0.2207,18091900,0.0
2003-02-07,14.41,14.93,14.07,14.15,0.2129,22369000,0.0
2003-01-31,13.68,15.07,13.65,14.36,0.2161,32124800,0.0
2003-01-24,14.21,14.41,13.56,13.8,0.2076,17898600,0.0
2003-01-17,14.9,14.9,14.08,14.1,0.2121,27906500,0.0
2003-01-10,15.03,15.38,14.44,14.72,0.2215,24158500,0.0
2003-01-03,14.08,14.93,13.84,14.9,0.2242,12225900,0.0
2002-12-27,14.16,14.81,14.01,14.06,0.2115,5904000,0.0
2002-12-20,14.81,15.19,13.78,14.14,0.2127,23046500,0.0
2002-12-13,14.94,15.55,14.65,14.79,0.2225,19862800,0.0
2002-12-06,15.9,16.1,14.5,14.95,0.2249,25734400,0.0
2002-11-29,16.03,16.14,15.27,15.5,0.2332,15534300,0.0
2002-11-22,16.19,16.44,15.01,16.01,0.2409,21975200,0.0
2002-11-15,15.75,16.41,15.12,15.95,0.24,16271700,0.0
2002-11-08,16.5,17.38,15.52,15.84,0.2383,23752600,0.0
2002-11-01,15.55,16.5,14.96,16.36,0.2461,24371800,0.0
2002-10-25,14.26,15.45,14.0,15.42,0.232,19991500,0.0
2002-10-18,14.55,15.25,13.93,14.34,0.2158,29734700,0.0
2002-10-11,13.97,14.78,13.36,14.51,0.2183,29844300,0.0
2002-10-04,14.4,14.63,14.0,14.03,0.2111,21753400,0.0
2002-09-27,14.76,15.19,14.4,14.72,0.2215,21140200,0.0
2002-09-20,14.14,15.09,14.12,14.87,0.2237,28607400,0.0
2002-09-13,14.28,14.6,14.05,14.17,0.2132,20766200,0.0
2002-09-06,14.49,14.78,14.05,14.38,0.2164,19738700,0.0
2002-08-30,15.95,15.95,14.51,14.75,0.2219,18890400,0.0
2002-08-23,15.78,16.25,15.45,15.73,0.2367,18342300,0.0
2002-08-16,14.9,16.1,14.54,15.81,0.2379,25286100,0.0
2002-08-09,14.51,15.38,13.97,15.0,0.2257,22189600,0.0
2002-08-02,14.48,15.51,14.25,14.45,0.2174,24080600,0.0
2002-07-26,14.75,15.22,13.8,14.34,0.2158,34365000,0.0
2002-07-19,17.43,18.6,14.53,14.96,0.2251,51837800,0.0
2002-07-12,18.52,18.79,16.97,17.5,0.2633,26107200,0.0
2002-07-05,17.71,18.75,16.75,18.74,0.282,15867100,0.0
2002-06-28,16.77,17.82,15.98,17.72,0.2666,32385800,0.0
2002-06-21,20.24,20.63,16.79,16.85,0.2535,57665200,0.0
2002-06-14,21.48,21.84,18.11,20.1,0.3024,34513800,0.0
2002-06-07,23.39,23.45,20.93,21.4,0.322,30935500,0.0
2002-05-31,23.69,24.44,23.28,23.3,0.3506,16667500,0.0
2002-05-24,24.57,25.24,23.32,24.15,0.3633,24595600,0.0
2002-05-17,23.52,25.98,22.94,25.01,0.3763,28419400,0.0
2002-05-10,23.35,24.52,22.14,23.32,0.3509,24805500,0.0
2002-05-03,23.16,24.38,23.09,23.51,0.3537,22108600,0.0
2002-04-26,24.84,24.93,23.0,23.01,0.3462,20402300,0.0
2002-04-19,25.06,26.17,24.8,24.98,0.3758,37273500,0.0
2002-04-12,24.16,25.2,23.78,25.06,0.377,25098600,0.0
2002-04-05,24.7,25.19,23.28,24.74,0.3722,22039600,0.0
2002-03-28,24.07,24.09,23.0,23.67,0.3561,13514800,0.0
2002-03-22,24.95,25.3,23.26,24.09,0.3624,29638700,0.0
2002-03-15,24.6,25.14,23.88,24.95,0.3754,20996500,0.0
2002-03-08,23.26,25.09,22.76,24.66,0.371,24592700,0.0
2002-03-01,22.85,24.72,20.94,23.45,0.3528,45054800,0.0
2002-02-22,23.76,23.9,21.45,22.74,0.3421,27302300,0.0
2002-02-15,23.93,25.24,23.74,23.9,0.3596,26002000,0.0
2002-02-08,24.32,25.98,23.37,24.03,0.3615,40714300,0.0
2002-02-01,23.4,24.96,22.72,24.41,0.3673,31519600,0.0
2002-01-25,22.27,23.51,21.59,23.25,0.3498,23223400,0.0
2002-01-18,21.01,22.74,20.5,22.17,0.3336,40582100,0.0
2002-01-11,23.72,24.0,20.26,21.05,0.3167,36142800,0.0
2002-01-04,22.51,23.95,21.83,23.69,0.3564,30165400,0.0
2001-12-28,20.9,23.0,20.9,22.43,0.3375,12279700,0.0
2001-12-21,20.4,21.68,20.19,21.0,0.316,21001900,0.0
2001-12-14,22.29,22.99,20.09,20.39,0.3068,17065600,0.0
2001-12-07,21.06,24.03,20.6,22.54,0.3391,29868100,0.0
2001-11-30,19.94,21.55,19.88,21.3,0.3205,26545200,0.0
2001-11-23,19.0,20.2,18.96,19.84,0.2985,15549300,0.0
2001-11-16,18.66,19.9,17.96,18.97,0.2854,19482400,0.0
2001-11-09,18.84,20.13,18.53,18.71,0.2815,25200700,0.0
2001-11-02,18.57,18.86,17.06,18.57,0.2794,23212400,0.0
2001-10-26,18.21,19.42,17.75,18.67,0.2809,35451100,0.0
2001-10-19,17.95,18.41,16.96,18.3,0.2753,28332200,0.0
2001-10-12,15.57,18.08,15.5,18.01,0.271,23424000,0.0
2001-10-05,15.49,16.25,14.83,16.14,0.2428,33409700,0.0
2001-09-28,16.11,16.84,14.93,15.51,0.2334,33037300,0.0
2001-09-21,16.0,17.72,14.68,15.73,0.2367,38216400,0.0
2001-09-10,17.0,17.5,16.92,17.37,0.2613,5515100,0.0
2001-09-07,18.5,19.08,17.2,17.28,0.26,22008400,0.0
2001-08-31,18.6,19.3,17.28,18.55,0.2791,20945500,0.0
2001-08-24,18.14,18.62,17.58,18.57,0.2794,19989100,0.0
2001-08-17,19.1,19.36,17.97,18.07,0.2719,20763300,0.0
2001-08-10,19.04,19.7,18.54,19.02,0.2862,16642800,0.0
2001-08-03,19.12,19.9,18.51,19.5,0.2934,21797600,0.0
2001-07-27,20.09,20.5,17.85,18.96,0.2853,31015900,0.0
2001-07-20,24.88,25.22,19.49,19.98,0.3006,60164900,0.0
2001-07-13,22.09,25.01,20.84,24.85,0.3739,40585500,0.0
2001-07-06,23.64,24.23,21.72,22.03,0.3315,14246500,0.0
2001-06-29,22.5,25.1,22.45,23.25,0.3498,34826100,0.0
2001-06-22,20.41,23.0,19.98,22.26,0.3349,30821000,0.0
2001-06-15,21.05,21.73,19.35,20.44,0.3075,33236700,0.0
2001-06-08,21.08,21.7,20.33,21.32,0.3208,29369600,0.0
2001-06-01,22.32,22.5,19.3,20.89,0.3143,39143500,0.0
2001-05-25,23.63,24.13,22.5,22.76,0.3424,28311700,0.0
2001-05-18,22.89,25.5,22.75,23.53,0.354,24281200,0.0
2001-05-11,25.62,25.76,22.76,22.85,0.3438,25158900,0.0
2001-05-04,26.7,27.12,23.96,25.75,0.3874,33449100,0.0
2001-04-27,24.34,26.29,23.51,26.2,0.3942,44681300,0.0
2001-04-20,22.09,25.75,19.6,25.04,0.3767,82827500,0.0
2001-04-12,20.69,23.02,20.06,22.42,0.3373,24231900,0.0
2001-04-06,22.09,22.66,18.75,20.59,0.3098,38691700,0.0
2001-03-30,23.13,23.75,21.13,22.07,0.3321,51363400,0.0
2001-03-23,19.75,23.56,19.37,23.0,0.346,51692500,0.0
2001-03-16,19.69,21.37,18.12,19.62,0.2952,41281400,0.0
2001-03-09,19.37,22.06,19.25,20.25,0.3047,35348400,0.0
2001-03-02,19.06,20.44,17.19,19.25,0.2896,32140200,0.0
2001-02-23,19.19,19.94,18.0,18.81,0.283,25553200,0.0
2001-02-16,19.06,20.56,18.5,19.0,0.2859,24922100,0.0
2001-02-09,20.5,21.39,18.69,19.12,0.2877,41730800,0.0
2001-02-02,19.56,22.5,19.56,20.62,0.3102,54923100,0.0
2001-01-26,19.06,20.94,18.44,19.56,0.2943,55151400,0.0
2001-01-19,17.44,19.56,16.5,19.5,0.2934,56261900,0.0
2001-01-12,16.94,18.5,15.94,17.19,0.2586,49473600,0.0
2001-01-05,14.88,18.5,14.44,16.37,0.2463,43234600,0.0
2000-12-29,14.88,15.0,14.19,14.88,0.2239,26389200,0.0
2000-12-22,14.56,15.25,13.63,15.0,0.2257,34822200,0.0
2000-12-15,15.19,16.0,14.0,14.06,0.2115,32873600,0.0
2000-12-08,17.19,17.44,14.0,15.06,0.2266,57223300,0.0
2000-12-01,19.87,19.94,16.12,17.06,0.2567,39560200,0.0
2000-11-24,18.59,19.5,18.25,19.31,0.2905,20562200,0.0
2000-11-17,18.75,20.5,18.25,18.5,0.2783,32298700,0.0
2000-11-10,22.44,22.62,19.06,19.06,0.2868,36011000,0.0
2000-11-03,19.12,23.0,18.75,22.25,0.3348,57267000,0.0
2000-10-27,20.27,20.87,17.5,18.56,0.2792,62251200,0.0
2000-10-20,22.31,23.25,18.31,19.5,0.2934,81324100,0.0
2000-10-13,22.62,22.87,19.12,22.06,0.3319,87962600,0.0
2000-10-06,26.69,26.75,21.0,22.19,0.3339,132403500,0.0
2000-09-29,52.75,55.5,25.37,25.75,0.3874,170178100,0.0
2000-09-22,55.25,61.44,50.0,52.19,0.7852,38582600,0.0
2000-09-15,58.69,60.38,54.25,55.23,0.831,26829100,0.0
2000-09-08,62.66,64.12,57.75,58.88,0.8859,19054100,0.0
2000-09-01,57.25,63.63,57.06,63.44,0.9545,28355300,0.0
2000-08-25,50.25,57.5,49.63,56.81,0.8547,23095700,0.0
2000-08-18,47.59,52.44,46.31,50.0,0.7523,15635900,0.0
2000-08-11,47.88,49.06,45.56,47.69,0.7175,22025600,0.0
2000-08-04,49.16,51.63,44.25,47.38,0.7129,18892100,0.0
2000-07-28,52.56,53.25,46.88,48.31,0.7268,24413000,0.0
2000-07-21,58.25,58.88,51.75,53.56,0.8058,30323000,0.0
2000-07-14,54.09,60.63,53.75,57.69,0.868,28876100,0.0
2000-07-07,52.13,55.19,49.63,54.44,0.8191,16235600,0.0
2000-06-30,52.5,55.5,51.06,52.38,0.7881,21464500,0.0
2000-06-23,90.56,103.94,50.31,51.69,0.7777,24381700,0.0
2000-06-16,96.37,96.44,88.19,91.19,0.686,13137300,0.0
2000-06-09,93.31,98.5,89.69,95.75,0.7203,14973700,0.0
2000-06-02,87.62,99.75,80.37,92.56,0.6963,25386200,0.0
2000-05-26,93.75,93.75,83.0,86.37,0.6497,22673700,0.0
2000-05-19,108.06,109.06,93.37,94.0,0.7071,23499300,0.0
2000-05-12,112.09,113.69,98.75,107.62,0.8096,16551700,0.0
2000-05-05,124.87,126.25,110.56,113.12,0.851,14607300,0.0
2000-04-28,115.0,128.75,114.75,124.06,0.9333,15878200,0.0
2000-04-20,109.5,130.25,109.06,118.87,0.8942,18238900,0.0
2000-04-14,131.69,132.75,104.87,111.87,0.8416,25827400,0.0
2000-04-07,135.5,139.5,116.75,131.75,0.9911,17398400,0.0
2000-03-31,137.63,144.75,125.44,135.81,1.0217,13759100,0.0
2000-03-24,123.5,150.38,121.62,138.69,1.0433,20591900,0.0
2000-03-17,122.12,126.5,114.0,125.0,0.9403,16600800,0.0
2000-03-10,126.0,129.13,118.25,125.75,0.946,11429700,0.0
2000-03-03,110.12,132.06,108.37,128.0,0.9629,21508200,0.0
2000-02-25,110.12,119.12,106.69,110.37,0.8303,13580100,0.0
2000-02-18,109.31,119.94,108.62,111.25,0.8369,15664900,0.0
2000-02-11,108.0,117.12,105.94,108.75,0.8181,14859900,0.0
2000-02-04,101.0,110.0,94.5,108.0,0.8125,21289500,0.0
2000-01-28,108.44,114.19,100.62,101.62,0.7645,18470300,0.0
2000-01-21,101.0,121.5,100.44,111.31,0.8374,30213200,0.0
2000-01-14,102.0,102.25,86.5,100.44,0.7556,29872700,0.0
2000-01-07,104.87,112.5,95.0,99.5,0.7485,27278600,0.0
1999-12-31,104.37,104.44,95.0,102.81,0.7734,9566300,0.0
1999-12-23,99.56,104.56,96.62,103.5,0.7786,10251700,0.0
1999-12-17,102.39,102.5,91.06,100.0,0.7523,22746800,0.0
1999-12-10,114.56,118.0,99.0,103.0,0.7748,25152800,0.0
1999-12-03,94.25,115.56,93.25,115.0,0.8651,28046300,0.0
1999-11-26,91.75,95.5,88.5,95.06,0.7151,9757600,0.0
1999-11-19,89.62,94.75,88.06,92.44,0.6954,13711000,0.0
1999-11-12,87.75,97.73,86.75,90.62,0.6817,25776200,0.0
