,1. open,2. high,3. low,4. close,5. adjusted close,6. volume,7. dividend amount
2025-05-09,41.9250,42.1050,41.2850,41.6100,41.6100,15824126,0.0000
2025-05-02,40.5200,42.0600,40.4100,41.9300,41.9300,24652704,0.0000
2025-04-25,40.1100,41.2300,39.1100,40.5300,40.5300,26228270,0.0000
2025-04-17,39.2300,40.7790,39.1100,40.4500,40.4500,21631470,0.0000
2025-04-11,38.3000,39.4800,35.7600,38.9200,38.9200,99435186,0.0000
2025-04-04,41.5300,42.1750,38.9150,38.9600,38.9600,45301735,0.0000
2025-03-28,41.5000,41.9201,41.0800,41.4100,41.4100,21328754,0.2636
2025-03-21,41.4600,42.3900,41.2450,41.5100,41.2500,22892852,0.0000
2025-03-14,42.4300,42.8900,40.6025,41.4500,41.1904,33248551,0.0000
2025-03-07,43.3000,43.8613,41.9400,42.4700,42.2040,40242307,0.0000
2025-02-28,42.3000,43.2450,42.0700,43.1500,42.8797,25417730,0.0000
2025-02-21,41.9500,42.6500,41.9200,42.2300,41.9655,19047385,0.0000
2025-02-14,42.0600,42.4900,41.4300,42.0600,41.7965,25615612,0.0000
2025-02-07,41.0800,42.2650,40.6800,41.9700,41.7071,25374544,0.0000
2025-01-31,41.5000,42.0050,40.7801,41.4200,41.1606,28659751,0.0000
2025-01-24,41.2600,41.8700,40.7950,41.5500,41.2897,19897954,0.0000
2025-01-17,39.1300,41.3100,39.0500,41.0800,40.8227,27817060,0.0000
2025-01-10,40.8600,40.9900,39.1450,39.1800,38.9346,29504224,0.0000
2025-01-03,40.4300,40.9000,39.9250,40.8400,40.5842,26999353,0.0000
2024-12-27,40.2100,40.9900,40.0800,40.5400,40.2861,18363366,0.4336
2024-12-20,42.8500,43.1400,40.0100,40.7900,40.1055,36944116,0.0000
2024-12-13,43.8500,43.9949,42.7400,42.8300,42.1113,21542025,0.0000
2024-12-06,44.7500,44.8300,43.5500,43.7700,43.0355,18914631,0.0000
2024-11-29,44.3600,45.4821,44.3200,45.0000,44.2449,15078756,0.0000
2024-11-22,42.7900,44.1700,42.6800,44.0900,43.3502,17107920,0.0000
2024-11-15,43.8500,44.0599,42.6050,42.9800,42.2588,28702707,0.0000
2024-11-08,42.9200,44.0350,42.1900,43.9100,43.1732,41925012,0.0000
2024-11-01,44.4600,44.6500,42.7100,42.7400,42.0228,25207934,0.0000
2024-10-25,44.4800,44.9800,43.6200,44.0700,43.3305,23295155,0.0000
2024-10-18,43.3200,44.7850,43.2100,44.7400,43.9893,19266771,0.0000
2024-10-11,43.2400,43.4900,42.8400,43.4300,42.7012,17144011,0.0000
2024-10-04,44.1300,44.8800,43.1000,43.5200,42.7897,24296667,0.0000
2024-09-27,44.6900,45.0700,44.0701,44.2900,43.5468,19741271,0.3115
2024-09-20,45.4200,45.5799,44.4000,44.6800,43.6273,25676427,0.0000
2024-09-13,43.6300,45.2600,43.5700,45.2100,44.1448,26717796,0.0000
2024-09-06,43.2700,44.2000,43.2332,43.6300,42.6021,25635012,0.0000
2024-08-30,43.5800,43.6700,42.9300,43.5500,42.5240,23752122,0.0000
2024-08-23,41.8600,43.4500,41.8350,43.3700,42.3482,24102541,0.0000
2024-08-16,41.6300,42.2000,41.2574,41.8600,40.8738,22426843,0.0000
2024-08-09,41.2700,42.2400,40.5300,41.8100,40.8250,51270005,0.0000
2024-08-02,40.7300,42.3000,40.4200,41.8600,40.8738,37511056,0.0000
2024-07-26,40.5700,41.1250,39.9729,40.7300,39.7704,29247837,0.0000
2024-07-19,40.0500,41.3550,39.8401,40.5100,39.5556,29303111,0.0000
2024-07-12,38.3100,40.2499,38.0100,39.9900,39.0478,26073580,0.0000
2024-07-05,38.3200,38.4400,37.8100,38.3000,37.3976,15830501,0.0000
2024-06-28,38.1200,38.7600,37.5300,38.4100,37.5051,23163408,0.3871
2024-06-21,38.3200,38.6300,38.0900,38.4800,37.1979,19612198,0.0000
2024-06-14,37.8500,39.0250,37.6500,38.5300,37.2463,23921710,0.0000
2024-06-07,38.1200,38.4102,37.6402,37.9700,36.7049,25044129,0.0000
2024-05-31,37.5900,38.0600,36.6200,38.0500,36.7823,24590451,0.0000
2024-05-24,38.7000,38.7900,37.3000,37.3500,36.1056,24999317,0.0000
2024-05-17,37.9700,39.0075,37.7000,38.7600,37.4686,39982279,0.0000
2024-05-10,37.2700,38.0200,36.8500,37.8100,36.5502,46994637,0.0000
2024-05-03,36.6500,37.5799,36.0750,37.0200,35.7866,57537549,0.0000
2024-04-26,36.0300,36.8300,35.7900,36.4600,35.2452,44651620,0.0000
2024-04-19,37.4700,37.5300,35.5699,35.8800,34.6846,52212738,0.0000
2024-04-12,38.4900,39.2100,37.0900,37.2400,35.9992,46712996,0.0000
2024-04-05,39.6100,39.6200,37.9500,38.3800,37.1013,33216161,0.0000
2024-03-28,38.6700,39.6200,38.2800,39.5300,38.2129,24228420,0.0000
2024-03-22,38.8400,39.3000,38.3100,38.6200,37.3333,29570529,0.2636
2024-03-15,40.0300,40.3300,38.6800,39.0400,37.4844,36574475,0.0000
2024-03-08,39.4500,40.2650,39.1800,40.1700,38.5694,33723250,0.0000
2024-03-01,38.6400,39.5800,38.0700,39.5400,37.9645,45908053,0.0000
2024-02-23,38.2100,38.9223,37.9700,38.7200,37.1772,23990485,0.0000
2024-02-16,38.5000,38.7956,37.0750,38.3500,36.8219,57302735,0.0000
2024-02-09,37.8300,38.4400,37.4300,38.4100,36.8795,33247456,0.0000
2024-02-02,38.4800,38.8800,37.6500,38.3100,36.7835,47967365,0.0000
2024-01-26,38.8300,39.3000,38.1100,38.4900,36.9563,28727117,0.0000
2024-01-19,39.3500,39.5500,38.0884,38.7000,37.1580,34962397,0.0000
2024-01-12,39.2600,39.8700,39.0700,39.5400,37.9645,22991494,0.0000
2024-01-05,39.9700,40.4500,38.9179,39.2900,37.7245,26964144,0.0000
2023-12-29,39.7800,40.5000,39.6950,40.0600,38.4638,16003702,0.0000
2023-12-22,39.7300,40.0100,39.1700,39.7300,38.1469,29427151,0.4208
2023-12-15,37.8100,40.7500,37.7150,40.0000,38.0011,34222739,0.0000
2023-12-08,37.8000,38.4493,37.5100,37.9000,36.0060,33486825,0.0000
2023-12-01,36.3400,38.0400,36.1800,38.0100,36.1105,32119952,0.0000
2023-11-24,35.9100,36.4750,35.6200,36.3200,34.5050,15100913,0.0000
2023-11-17,34.1200,36.3310,33.8958,35.9700,34.1725,31454888,0.0000
2023-11-10,35.0500,35.0700,33.9450,34.3900,32.6714,34613785,0.0000
2023-11-03,32.5400,35.6250,31.9900,35.1100,33.3554,41363527,0.0000
2023-10-27,32.4700,33.0950,32.1000,32.3500,30.7334,41926500,0.0000
2023-10-20,34.5500,34.9700,32.7400,32.7500,31.1134,42205279,0.0000
2023-10-13,33.3700,34.8200,33.3400,34.3400,32.6239,28074444,0.0000
2023-10-06,33.9400,34.1100,32.6200,33.5600,31.8829,45188621,0.0000
2023-09-29,34.4000,34.5400,33.4591,34.0700,32.3674,35904867,0.0000
2023-09-22,36.5000,36.5066,34.5100,34.5700,32.8424,25883340,0.2910
2023-09-15,36.6600,37.0000,36.1700,36.7900,34.6726,19278087,0.0000
2023-09-08,36.9400,37.0050,36.2500,36.6200,34.5124,17206594,0.0000
2023-09-01,36.5700,37.4100,36.5700,37.0000,34.8705,19084998,0.0000
2023-08-25,36.1300,37.0250,35.5750,36.4500,34.3521,24583547,0.0000
2023-08-18,37.3400,37.3400,35.7900,36.1900,34.1071,21988691,0.0000
2023-08-11,37.1800,37.7900,36.9900,37.3900,35.2380,21599582,0.0000
2023-08-04,38.0000,38.3650,36.9193,37.0700,34.9365,29716574,0.0000
2023-07-28,38.7100,39.1999,37.8500,37.8900,35.7093,28039962,0.0000
2023-07-21,38.6600,38.8200,37.8150,38.6000,36.3784,29150728,0.0000
2023-07-14,37.6900,38.8700,37.5950,38.7900,36.5575,24975442,0.0000
2023-07-07,37.5400,38.4291,37.2600,37.7900,35.6150,19592497,0.0000
2023-06-30,35.8500,37.9100,35.8100,37.6900,35.5208,21129181,0.0000
2023-06-23,37.1300,37.2100,35.8400,35.8600,33.7961,19089095,0.3589
2023-06-16,37.1000,38.0600,36.7750,37.6900,35.1789,26482429,0.0000
2023-06-09,36.8900,37.6300,36.5100,37.1200,34.6469,19873585,0.0000
2023-06-02,35.9700,36.9550,35.6100,36.8100,34.3576,18725507,0.0000
2023-05-26,36.2800,36.6800,35.0400,35.7000,33.3215,20723284,0.0000
2023-05-19,37.1300,37.2350,35.9500,36.2100,33.7975,18154140,0.0000
2023-05-12,37.3200,37.5700,36.6500,37.0900,34.6189,16493720,0.0000
2023-05-05,37.6300,37.8300,36.3900,37.4400,34.9456,25052370,0.0000
2023-04-28,37.2500,37.8800,36.3400,37.7500,35.2349,21350722,0.0000
2023-04-21,36.6200,37.6900,36.6200,37.1800,34.7029,21125652,0.0000
2023-04-14,36.8800,37.8800,36.3400,36.6000,34.1616,30046895,0.0000
2023-04-06,37.2900,37.5550,36.6500,37.1000,34.6282,20621756,0.0000
2023-03-31,35.7300,37.4000,35.0000,37.3800,34.8896,25690818,0.0000
2023-03-24,36.0600,36.6400,34.3400,35.5100,33.1442,33693324,0.2559
2023-03-17,35.8700,37.4100,35.8150,36.2300,33.5799,56377718,0.0000
2023-03-10,38.9600,38.9600,35.9500,36.1000,33.4594,31527291,0.0000
2023-03-03,38.6700,38.8350,37.3000,38.7500,35.9156,25784891,0.0000
2023-02-24,39.4000,39.4000,37.9440,38.1300,35.3409,28761128,0.0000
2023-02-17,40.2700,40.6300,39.2400,39.6100,36.7126,23360783,0.0000
2023-02-10,40.3800,40.8500,39.6150,40.1200,37.1853,24519339,0.0000
2023-02-03,40.0300,42.2100,39.7600,40.9600,37.9639,30484174,0.0000
2023-01-27,39.2500,40.5200,38.5400,40.3500,37.3985,30272436,0.0000
2023-01-20,39.5800,39.8250,38.2800,39.2200,36.3512,24446038,0.0000
2023-01-13,38.0600,39.8700,37.4700,39.5600,36.6663,22793658,0.0000
2023-01-06,37.2300,38.2600,36.6100,37.8800,35.1092,27558018,0.0000
2022-12-30,37.1000,37.3650,36.4250,36.9300,34.2287,18221607,0.0000
2022-12-23,37.0000,37.3100,36.0950,37.0800,34.3677,21101678,0.4207
2022-12-16,38.3400,40.0000,37.1235,37.5000,34.3625,40544925,0.0000
2022-12-09,38.6100,38.8200,37.8400,38.3000,35.0955,29112839,0.0000
2022-12-02,38.5700,39.8400,37.6250,38.9700,35.7095,35647797,0.0000
2022-11-25,37.9880,38.8400,37.8300,38.8000,35.5537,16242702,0.0000
2022-11-18,38.5200,38.5700,37.2550,38.0500,34.8664,33932290,0.0000
2022-11-11,36.4200,39.2000,35.9300,38.7400,35.4987,39728919,0.0000
2022-11-04,36.4800,37.3000,35.0300,36.1900,33.1621,45649593,0.0000
2022-10-28,35.0000,36.9200,34.3800,36.8200,33.7393,36093941,0.0000
2022-10-21,34.3800,35.9650,33.9600,34.6700,31.7692,40477094,0.0000
2022-10-14,34.6200,35.1500,33.1250,33.7700,30.9445,49142746,0.0000
2022-10-07,36.5800,37.6000,34.3345,34.5300,31.6409,43004756,0.0000
2022-09-30,37.2400,37.2700,35.4200,36.0100,32.9971,43510969,0.0000
2022-09-23,39.6200,39.9100,37.0150,37.4600,34.3258,33305958,0.3638
2022-09-16,43.2000,43.4750,39.8650,40.3500,36.6400,23358593,0.0000
2022-09-09,41.3900,43.1950,41.2600,43.0400,39.0827,18431711,0.0000
2022-09-02,42.7400,43.0400,41.1850,41.2800,37.4845,19933357,0.0000
2022-08-26,44.3400,44.3700,42.9300,42.9800,39.0282,13947062,0.0000
2022-08-19,45.5000,45.8650,44.5350,44.6800,40.5719,14764096,0.0000
2022-08-12,44.1300,45.5690,43.8100,45.5400,41.3528,15248781,0.0000
2022-08-05,44.1400,44.2400,43.1000,43.7200,39.7002,17345151,0.0000
2022-07-29,42.2600,44.5400,42.0650,44.3400,40.2632,20192836,0.0000
2022-07-22,41.2900,42.5100,40.4500,42.2600,38.3744,20271544,0.0000
2022-07-15,41.1100,41.4250,39.9900,41.0000,37.2303,20442236,0.0000
2022-07-08,41.1800,41.9599,40.4150,41.2300,37.4391,16516729,0.0000
2022-07-01,41.7300,42.1800,40.2700,41.5900,37.7660,21902776,0.0000
2022-06-24,39.1800,41.8300,39.0800,41.8100,37.9658,26004819,0.3124
2022-06-17,40.1000,40.3600,38.6300,39.0800,35.2082,55123001,0.0000
2022-06-10,44.1500,44.2500,41.1500,41.1700,37.0912,31937898,0.0000
2022-06-03,44.3500,44.5500,42.9050,43.8400,39.4967,40086452,0.0000
2022-05-27,42.6800,44.8400,42.1100,44.8200,40.3796,37146372,0.0000
2022-05-20,42.9600,43.3000,41.5900,42.3500,38.1543,42311057,0.0000
2022-05-13,44.4200,44.4200,41.3700,43.0900,38.8210,100888891,0.0000
2022-05-06,46.7300,46.8900,44.3300,44.8300,40.3886,75044869,0.0000
2022-04-29,49.3100,49.4500,46.4900,46.6000,41.9832,50815544,0.0000
2022-04-22,48.6700,50.9700,48.3800,49.3700,44.4788,31991669,0.0000
2022-04-14,49.5600,49.7900,48.6200,48.7600,43.9292,25284145,0.0000
2022-04-08,49.2600,49.9600,48.6950,49.6700,44.7491,28154060,0.0000
2022-04-01,47.1600,49.3100,47.1600,49.2800,44.3977,25066316,0.0000
2022-03-25,46.9500,47.2200,46.0900,47.1300,42.4607,18571040,0.2685
2022-03-18,46.2200,47.4400,45.4100,47.2300,42.3076,25543367,0.0000
2022-03-11,46.5800,46.8800,45.3700,45.8700,41.0894,34582883,0.0000
2022-03-04,45.2700,46.7100,44.5900,46.6700,41.8060,35069933,0.0000
2022-02-25,44.6000,45.8950,43.0000,45.8600,41.0804,30552158,0.0000
2022-02-18,45.4600,45.6900,44.5410,44.6800,40.0234,29284068,0.0000
2022-02-11,46.6899,47.4250,45.1400,45.4200,40.6863,32433977,0.0000
2022-02-04,46.5700,47.9345,46.3400,46.6900,41.8239,29263394,0.0000
2022-01-28,46.4700,47.6700,44.8000,46.8200,41.9403,58979404,0.0000
2022-01-21,47.9900,48.5000,46.7750,46.8900,42.0031,34606676,0.0000
2022-01-14,48.8500,49.3500,47.7300,48.2900,43.2571,29982809,0.0000
2022-01-07,51.9800,51.9800,48.8800,49.2700,44.1350,46810928,0.0000
2021-12-31,50.0600,52.1700,49.9600,51.8100,46.4103,22821382,0.0000
2021-12-23,49.0500,50.1900,48.7700,49.9200,44.7173,25579129,0.4254
2021-12-17,49.0500,50.6450,48.9300,50.0500,44.4501,38010687,0.0000
2021-12-10,48.1600,49.7000,48.1400,49.1900,43.6864,30662581,0.0000
2021-12-03,48.1700,48.7600,46.7400,47.8100,42.4608,52419171,0.0000
2021-11-26,48.2200,49.1950,47.7300,47.8000,42.4519,27117606,0.0000
2021-11-19,48.2100,48.5900,47.4600,48.2100,42.8160,34453006,0.0000
2021-11-12,48.3600,48.5600,47.7700,48.1900,42.7982,23359508,0.0000
2021-11-05,47.9400,48.8500,47.1450,48.2200,42.8249,28543021,0.0000
2021-10-29,47.7300,48.4000,47.3550,47.8200,42.4696,36253224,0.0000
2021-10-22,46.0300,47.7950,45.9300,47.6900,42.3542,24264341,0.0000
2021-10-15,44.6000,46.6000,44.3400,46.2000,41.0309,28697154,0.0000
2021-10-08,44.8400,45.7200,43.9500,44.6200,39.6277,37667744,0.0000
2021-10-01,45.8700,46.1400,44.4000,44.9300,39.9030,39383726,0.0000
2021-09-24,46.0700,46.9300,45.7201,45.9100,40.7733,36216177,0.2609
2021-09-17,47.3300,47.5050,46.7700,46.8500,41.3749,28940421,0.0000
2021-09-10,48.5500,48.6300,46.8300,46.8500,41.3749,24643636,0.0000
2021-09-03,46.8700,48.8050,46.7700,48.7300,43.0352,32335673,0.0000
2021-08-27,47.1400,47.1600,46.2600,46.8300,41.3573,18881103,0.0000
2021-08-20,46.6700,47.2367,46.1200,47.0000,41.5074,25034109,0.0000
2021-08-13,46.7300,46.7600,45.9900,46.7400,41.2778,22728293,0.0000
2021-08-06,46.6200,47.0100,46.2200,46.7300,41.2689,26785240,0.0000
2021-07-30,46.1700,46.9300,45.8800,46.3800,40.9598,26751934,0.0000
2021-07-23,45.8100,46.4800,45.1300,46.2800,40.8715,26515449,0.0000
2021-07-16,45.8900,46.5451,45.5600,46.2300,40.8274,20360244,0.0000
2021-07-09,44.7000,45.9399,44.4100,45.9100,40.5448,18980069,0.0000
2021-07-02,44.7800,44.9780,44.1650,44.7200,39.4938,22525122,0.0000
2021-06-25,44.2400,45.0300,44.0700,44.6900,39.4673,18842955,0.2854
2021-06-18,45.4500,45.7200,44.3300,44.3300,38.9023,25379373,0.0000
2021-06-11,44.6200,45.8100,44.6200,45.4400,39.8764,21935487,0.0000
2021-06-04,43.4800,44.7300,43.2800,44.5600,39.1041,16619959,0.0000
2021-05-28,42.5800,43.4100,42.5100,43.2600,37.9633,26767463,0.0000
2021-05-21,41.9100,42.5700,41.3300,42.3400,37.1559,25455900,0.0000
2021-05-14,42.5800,42.9380,41.0200,41.9500,36.8137,29411512,0.0000
2021-05-07,42.8700,42.8700,41.4800,42.3700,37.1822,23919228,0.0000
2021-04-30,42.4100,42.8100,42.1500,42.7700,37.5333,17709466,0.0000
2021-04-23,41.4100,42.3700,41.1650,42.2400,37.0682,20142598,0.0000
2021-04-16,40.4300,41.5500,40.0900,41.4000,36.3310,20492872,0.0000
2021-04-09,40.3700,40.7000,39.9400,40.3400,35.4008,18498916,0.0000
2021-04-01,39.7700,40.1200,39.2700,40.1200,35.2077,21036952,0.0000
2021-03-26,38.2800,39.9300,38.1600,39.9100,35.0234,29500012,0.3823
2021-03-19,39.0600,39.6600,38.5800,38.6400,33.5771,23181043,0.0000
2021-03-12,36.9300,39.0300,36.6700,39.0300,33.9160,22167492,0.0000
2021-03-05,37.7600,38.0200,35.8900,36.8400,32.0129,40326538,0.0000
2021-02-26,38.0300,38.9000,37.3167,37.3400,32.4474,28854465,0.0000
2021-02-19,38.4300,38.4700,37.7200,38.0900,33.0991,11999363,0.0000
2021-02-12,37.9600,38.7050,37.6900,38.3700,33.3424,11726477,0.0000
2021-02-05,36.9900,38.0400,36.5200,37.9400,32.9688,15278594,0.0000
2021-01-29,36.8100,37.6900,36.5500,36.7600,31.9434,35020485,0.0000
2021-01-22,36.5200,36.9939,36.0100,36.8200,31.9955,12746633,0.0000
2021-01-15,35.4700,36.4061,34.6500,36.3400,31.5784,19452464,0.0000
2021-01-08,36.6400,36.7100,34.9700,35.6600,30.9875,23636600,0.0000
2020-12-31,36.0300,36.6100,35.8500,36.5600,31.7696,11615619,0.0000
2020-12-24,35.5300,36.2179,35.3000,35.9100,31.2048,10703019,0.4663
2020-12-18,36.5800,37.1300,35.9400,36.4400,31.2565,15200248,0.0000
2020-12-11,37.2800,37.3600,35.8500,36.2700,31.1107,13683418,0.0000
2020-12-04,36.8000,37.3500,36.3250,37.3300,32.0199,18015372,0.0000
2020-11-27,37.1500,37.3700,36.5700,36.8200,31.5825,12630641,0.0000
2020-11-20,38.1900,38.2700,36.6800,36.9400,31.6854,20530134,0.0000
2020-11-13,37.3500,39.1100,36.4500,37.5100,32.1743,35782422,0.0000
2020-11-06,34.5300,36.3000,34.2900,35.6300,30.5617,25169444,0.0000
2020-10-30,35.3600,35.4400,33.7100,34.1500,29.2923,22066719,0.0000
2020-10-23,36.1900,36.3300,35.3350,35.6300,30.5617,18519628,0.0000
2020-10-16,37.0000,37.2000,35.8300,36.1100,30.9735,20469301,0.0000
2020-10-09,36.5300,37.2500,35.8850,36.9300,31.6768,13396030,0.0000
2020-10-02,35.1200,36.5400,34.8800,36.4300,31.2479,19743226,0.0000
2020-09-25,34.9900,35.1300,33.7400,34.6700,29.7383,22827861,0.2130
2020-09-18,35.7900,37.5150,35.5299,35.6000,30.3483,19609915,0.0000
2020-09-11,36.0100,36.6700,35.2900,35.5500,30.3057,22398174,0.0000
2020-09-04,36.5200,37.2000,35.6200,36.2500,30.9024,30717621,0.0000
2020-08-28,35.9500,36.5700,35.4303,36.5700,31.1752,13579046,0.0000
2020-08-21,35.8500,36.2650,35.1701,35.9000,30.6041,14945882,0.0000
2020-08-14,36.5800,36.7500,35.6167,35.8600,30.5700,19055200,0.0000
2020-08-07,36.1300,36.5250,35.5850,36.5000,31.1156,18457586,0.0000
2020-07-31,34.8200,36.6000,34.4600,36.2600,30.9110,17850137,0.0000
2020-07-24,35.0500,35.2500,34.4300,34.8000,29.6664,43839599,0.0000
2020-07-17,35.1200,35.3700,34.3600,35.0200,29.8539,35755429,0.0000
2020-07-10,36.2500,36.3600,34.4000,35.0000,29.8368,28938130,0.0000
2020-07-02,34.0100,36.3200,33.6300,35.6400,30.3824,15458471,0.0000
2020-06-26,34.9700,35.4000,33.2600,33.7300,28.7542,19141641,0.2704
2020-06-19,34.5800,37.2000,34.5300,35.3500,29.9040,22578029,0.0000
2020-06-12,37.4400,37.8600,34.4100,35.5400,30.0647,37537942,0.0000
2020-06-05,34.6200,37.3000,34.5200,37.0500,31.3421,22580397,0.0000
2020-05-29,33.7300,34.9100,33.3450,34.6500,29.3119,24648625,0.0000
2020-05-22,31.9100,32.7500,31.7600,32.7000,27.6623,25159623,0.0000
2020-05-15,32.9900,33.4500,30.0300,30.9800,26.2073,41939712,0.0000
2020-05-08,32.5900,33.5090,32.0900,33.3500,28.2121,25682011,0.0000
2020-05-01,33.3500,35.0200,32.6800,32.8800,27.8145,28636155,0.0000
2020-04-24,33.9300,34.0600,32.3700,33.0800,27.9837,30509863,0.0000
2020-04-17,35.3300,35.3900,33.2650,34.5400,29.2188,32888538,0.0000
2020-04-09,30.4100,35.9500,30.4100,35.5300,30.0563,106108046,0.0000
2020-04-03,31.3800,32.1800,28.4800,29.3000,24.7861,49654704,0.0000
2020-03-27,26.8800,31.9500,24.8800,31.2100,26.4018,91449799,0.2018
2020-03-20,31.8000,32.6600,26.9700,27.1600,22.7950,55437176,0.0000
2020-03-13,36.4500,37.5800,28.0000,35.3100,29.6352,66532506,0.0000
2020-03-06,36.9700,40.1400,36.8800,38.5000,32.3126,101672526,0.0000
2020-02-28,41.4400,41.8150,35.6930,36.7900,30.8774,82894769,0.0000
2020-02-21,41.9300,42.0000,41.1600,41.9300,35.1913,12754975,0.0000
2020-02-14,40.0700,41.8900,40.0300,41.8800,35.1494,21086117,0.0000
2020-02-07,39.3900,40.0100,39.2350,39.9400,33.5211,20504790,0.0000
2020-01-31,39.7500,40.1400,39.1350,39.2300,32.9252,26489164,0.0000
2020-01-24,39.6000,40.2100,39.5300,39.9900,33.5631,13180333,0.0000
2020-01-17,38.6600,39.7300,38.6500,39.5900,33.2274,18434481,0.0000
2020-01-10,38.4300,38.6600,37.8850,38.6400,32.4301,21134987,0.0000
2020-01-03,38.3500,38.8500,37.9700,38.5000,32.3126,14192422,0.0000
2019-12-27,38.3100,38.4700,37.9200,38.4300,32.2538,7556524,0.0000
2019-12-20,37.6500,38.3900,37.3950,38.2400,32.0943,20075748,0.4130
2019-12-13,38.5700,38.7100,37.2600,37.5900,31.2117,29861389,0.0000
2019-12-06,38.5500,38.7000,37.9100,38.5200,31.9839,19417083,0.0000
2019-11-29,38.2000,38.9500,38.0850,38.6500,32.0919,12789450,0.0000
2019-11-22,38.6000,38.9500,37.9350,38.1200,31.6518,19085068,0.0000
2019-11-15,37.7600,38.5600,37.5500,38.5500,32.0088,16114017,0.0000
2019-11-08,39.1600,39.2000,37.6800,37.7800,31.3695,18452684,0.0000
2019-11-01,39.4200,39.5800,38.8200,39.2300,32.5734,14758168,0.0000
2019-10-25,39.9200,40.3400,39.4000,39.4900,32.7893,10968329,0.0000
2019-10-18,39.2600,39.9900,38.9900,39.9100,33.1381,17916935,0.0000
2019-10-11,39.3000,39.5700,38.9400,39.2300,32.5734,19079419,0.0000
2019-10-04,39.3200,39.5500,38.5300,39.4000,32.7146,23855086,0.0000
2019-09-27,39.0900,39.6400,38.9800,39.2900,32.6233,19563509,0.0000
2019-09-20,38.5800,39.7100,38.5400,39.1200,32.4821,23955632,0.2632
2019-09-13,39.8200,39.8300,38.4650,38.5900,31.8279,28684454,0.0000
2019-09-06,39.1500,40.1400,39.1300,39.8000,32.8259,16085878,0.0000
2019-08-30,38.7700,39.3900,38.5900,39.2100,32.3392,16486606,0.0000
2019-08-23,38.8400,39.3380,38.4150,38.5800,31.8196,18216095,0.0000
2019-08-16,38.4600,38.7600,37.8100,38.6600,31.8856,24748708,0.0000
2019-08-09,37.7000,38.6300,36.6200,38.4700,31.7289,30895007,0.0000
2019-08-02,37.1400,38.0450,37.1200,37.7900,31.1681,28040440,0.0000
2019-07-26,36.8500,37.2100,36.6050,37.0500,30.5577,14839294,0.0000
2019-07-19,37.7000,37.9200,36.7600,36.8000,30.3515,17955062,0.0000
2019-07-12,37.6800,38.3100,37.4950,37.6200,31.0279,23971867,0.0000
2019-07-05,36.9500,37.9300,36.2850,37.7100,31.1021,21338093,0.0000
2019-06-28,37.8600,37.9900,36.2200,36.7700,30.3268,26446287,0.0000
2019-06-21,37.8200,38.6200,37.5800,37.7700,31.1516,27430249,0.3028
2019-06-14,37.4800,37.8460,37.1150,37.7200,30.8629,12526240,0.0000
2019-06-07,36.6000,37.6600,36.1000,37.4300,30.6256,19099989,0.0000
2019-05-31,36.9300,36.9900,35.8020,36.4700,29.8401,12383424,0.0000
2019-05-24,36.5100,36.9900,35.9200,36.7500,30.0692,11853212,0.0000
2019-05-17,35.8700,36.8400,35.8000,36.6400,29.9792,17092099,0.0000
2019-05-10,36.1900,36.3400,35.2600,36.1100,29.5456,19873411,0.0000
2019-05-03,35.8700,36.4700,35.3900,36.3500,29.7420,22564330,0.0000
2019-04-26,35.4600,36.0150,34.8250,35.9900,29.4474,19501272,0.0000
2019-04-18,36.7100,36.7100,35.1100,35.5300,29.0710,13190198,0.0000
2019-04-12,36.5400,36.7000,36.2000,36.7000,30.0283,14016046,0.0000
2019-04-05,36.2700,36.5870,35.7700,36.5500,29.9056,23296440,0.0000
2019-03-29,35.8200,36.2900,35.6650,36.2200,29.6356,16859604,0.0000
2019-03-22,35.5000,36.3070,34.9470,35.8000,29.2919,25296464,0.0000
2019-03-15,34.9800,35.8300,34.9320,35.4600,29.0138,21114600,0.2035
2019-03-08,34.7700,35.0900,34.4050,34.8200,28.3275,24773737,0.0000
2019-03-01,35.1400,35.1900,34.2650,34.6700,28.2055,20902425,0.0000
2019-02-22,34.9500,35.2200,34.4800,35.0800,28.5391,15083557,0.0000
2019-02-15,34.6000,35.0100,34.2930,35.0000,28.4740,22388380,0.0000
2019-02-08,34.0800,34.6700,33.8000,34.5700,28.1241,23473376,0.0000
2019-02-01,33.0200,34.4700,32.9600,34.1200,27.7581,29777891,0.0000
2019-01-25,32.6300,33.1600,32.3300,33.1300,26.9526,18813251,0.0000
2019-01-18,31.8500,32.6700,31.7400,32.6600,26.5703,25402127,0.0000
2019-01-11,30.7800,31.9900,30.7500,31.9700,26.0089,28750941,0.0000
2019-01-04,31.0400,31.0500,30.1100,30.7400,25.0083,37616915,0.0000
2018-12-28,31.1000,31.2400,29.5200,30.9400,25.1710,46131758,0.0000
2018-12-21,33.4600,33.5400,30.9190,30.9500,25.1791,54654080,0.3686
2018-12-14,33.9600,34.1400,33.2100,33.4200,26.8686,26893427,0.0000
2018-12-07,33.9000,34.5000,33.0900,33.9600,27.3027,23726441,0.0000
2018-11-30,33.0500,33.8850,32.8500,33.8500,27.2143,17043019,0.0000
2018-11-23,33.4700,33.7600,32.7800,32.9700,26.5068,17512319,0.0000
2018-11-16,33.1300,33.4900,32.6700,33.4600,26.9007,24435423,0.0000
2018-11-09,32.0200,33.2000,32.0200,33.1200,26.6274,17193387,0.0000
2018-11-02,31.7100,32.7500,31.5800,31.9400,25.6787,29498670,0.0000
2018-10-26,31.9000,32.4900,31.1600,31.4800,25.3089,29238226,0.0000
2018-10-19,30.8000,31.9300,30.7600,31.8200,25.5822,16961218,0.0000
2018-10-12,31.8500,32.3700,30.6500,30.8100,24.7702,26714289,0.0000
2018-10-05,32.6100,32.6980,31.4700,31.7500,25.5260,15373271,0.0000
2018-09-28,33.0400,33.0500,32.0700,32.6100,26.2174,11640512,0.0000
2018-09-21,33.5000,33.8200,33.0400,33.1500,26.6515,9707028,0.3501
2018-09-14,33.5900,33.9600,33.3750,33.5800,26.7151,8124773,0.0000
2018-09-07,33.7800,33.9300,33.3200,33.4400,26.6037,9427083,0.0000
2018-08-31,33.6100,34.0600,33.3600,33.8500,26.9299,9181301,0.0000
2018-08-24,33.9700,34.1350,33.3000,33.5900,26.7230,10211685,0.0000
2018-08-17,32.9300,33.9300,32.8500,33.9200,26.9856,12460561,0.0000
2018-08-10,33.5700,33.6700,32.9100,32.9300,26.1980,12014025,0.0000
2018-08-03,32.4800,33.5850,32.1900,33.5400,26.6833,16428966,0.0000
2018-07-27,32.4900,32.9000,32.1400,32.4500,25.8161,12433075,0.0000
2018-07-20,32.8600,32.9600,32.3200,32.5000,25.8559,10976763,0.0000
2018-07-13,33.3300,33.3300,32.8000,33.0000,26.2536,11573525,0.0000
2018-07-06,32.6700,33.3500,32.1550,33.2800,26.4764,14336986,0.0000
2018-06-29,32.3300,32.8600,32.0450,32.7100,26.0229,18461678,0.0000
2018-06-22,31.3900,32.3400,31.2850,32.3100,25.7047,13487760,0.0000
2018-06-15,32.0300,32.3100,31.4530,31.4900,25.0523,9870239,0.2686
2018-06-08,31.7800,32.1350,31.6750,32.0600,25.2901,15021557,0.0000
2018-06-01,31.1200,31.8050,30.9900,31.7100,25.0140,13080360,0.0000
2018-05-25,30.6300,31.3200,30.4300,31.1900,24.6038,7839384,0.0000
2018-05-18,31.5400,31.5600,30.4300,30.5600,24.1068,8969710,0.0000
2018-05-11,31.3600,31.8100,31.0450,31.5300,24.8720,7764360,0.0000
2018-05-04,30.9400,31.4000,30.7910,31.3100,24.6985,14399967,0.0000
2018-04-27,30.2200,31.1100,30.0330,31.0100,24.4618,14212041,0.0000
2018-04-20,30.6200,31.2700,30.1800,30.2200,23.8386,13375593,0.0000
2018-04-13,30.9400,31.1400,30.3100,30.5400,24.0911,17885251,0.0000
2018-04-06,31.1200,31.3400,30.4800,30.8800,24.3593,27812254,0.0000
2018-03-29,30.3200,31.2300,30.1300,31.0800,24.5170,22347140,0.0000
2018-03-23,31.2600,31.2600,29.9900,30.0700,23.7203,23981674,0.0000
2018-03-16,30.9700,31.4150,30.9300,31.2600,24.6590,15779210,0.1833
2018-03-09,29.7400,30.9700,29.6600,30.9700,24.2879,37316298,0.0000
2018-03-02,30.7900,30.8500,29.6100,29.8600,23.4174,21610853,0.0000
2018-02-23,30.5200,30.8400,29.8100,30.7000,24.0761,22237401,0.0000
2018-02-16,30.2200,30.8200,29.4400,30.6800,24.0604,23026048,0.0000
2018-02-09,31.2500,31.5900,29.1700,30.0900,23.5977,44747395,0.0000
2018-02-02,32.0700,32.4200,31.1600,31.3600,24.5937,16310090,0.0000
2018-01-26,31.4600,32.2600,31.4300,32.1600,25.2211,10547675,0.0000
2018-01-19,31.3800,31.8500,31.1700,31.4400,24.6565,11151464,0.0000
2018-01-12,32.3100,32.5300,31.1030,31.1900,24.4604,7442730,0.0000
2018-01-05,32.9900,33.0400,32.1800,32.2700,25.3074,6683716,0.0000
2017-12-29,32.4400,33.0400,32.3800,32.9400,25.8328,7290416,0.0000
2017-12-22,33.2500,33.4550,32.1500,32.4200,25.4250,6471751,0.0000
2017-12-15,33.1900,33.6700,33.0590,33.1900,26.0289,7175630,0.3650
2017-12-08,33.5600,33.6800,32.8400,33.2000,25.7535,8095447,0.0000
2017-12-01,33.7000,33.7300,33.2100,33.5100,25.9940,9701968,0.0000
2017-11-24,33.5900,33.7200,33.4400,33.6700,26.1181,4084227,0.0000
2017-11-17,33.9000,34.0238,33.5500,33.5600,26.0328,9184135,0.0000
2017-11-10,32.9400,33.9700,32.9100,33.8100,26.2267,10165367,0.0000
2017-11-03,32.2000,32.9432,32.1700,32.7500,25.4044,10883603,0.0000
2017-10-27,32.8000,32.8000,31.8650,32.1900,24.9700,8637643,0.0000
2017-10-20,32.9900,33.0800,32.6150,32.7300,25.3889,7211729,0.0000
2017-10-13,32.4400,33.1170,32.3500,33.0200,25.6139,7305910,0.0000
2017-10-06,32.2800,32.6100,32.0410,32.4000,25.1329,9133095,0.0000
2017-09-29,32.1200,32.3500,31.8800,32.2400,25.0088,7960864,0.0000
2017-09-22,33.0000,33.1050,32.0757,32.1100,24.9080,8377423,0.0000
2017-09-15,33.2300,33.4600,32.7600,33.0500,25.6372,8592821,0.2356
2017-09-08,32.9400,33.3150,32.6900,33.2000,25.5712,7630393,0.0000
2017-09-01,32.8400,33.0500,32.4500,32.9200,25.3556,7908572,0.0000
2017-08-25,32.1000,32.9300,32.0200,32.8000,25.2632,5877361,0.0000
2017-08-18,32.0800,32.6450,31.9700,32.0600,24.6932,7031444,0.0000
2017-08-11,32.5600,32.6400,31.8244,31.9600,24.6162,5947070,0.0000
2017-08-04,32.6200,32.8400,32.3600,32.5900,25.1014,7644519,0.0000
2017-07-28,32.4400,32.7700,32.2000,32.6400,25.1399,9362940,0.0000
2017-07-21,32.1700,32.5800,32.1200,32.4400,24.9859,11451154,0.0000
2017-07-14,31.7300,32.2400,31.2100,32.2000,24.8010,6637237,0.0000
2017-07-07,32.3400,32.5800,31.4900,31.7100,24.4236,7109418,0.0000
2017-06-30,32.5400,32.8350,32.1100,32.2000,24.8010,11670115,0.0000
2017-06-23,32.4700,32.6200,32.1500,32.4900,25.0244,24232956,0.0000
2017-06-16,32.0900,32.8233,32.0100,32.4400,24.9859,10037582,0.2718
2017-06-09,32.1900,32.2600,31.7700,32.1800,24.5797,7764338,0.0000
2017-06-02,31.9900,32.3065,31.7246,32.2400,24.6255,5302322,0.0000
2017-05-26,31.7800,32.3482,31.7200,32.0000,24.4422,6813077,0.0000
2017-05-19,31.3600,31.9300,31.2500,31.7800,24.2741,10581090,0.0000
2017-05-12,31.7100,31.8335,31.2300,31.3600,23.9533,8076167,0.0000
2017-05-05,31.7000,31.9710,31.1400,31.7500,24.2512,9821684,0.0000
2017-04-28,32.4600,32.5000,31.4900,31.6500,24.1748,8129227,0.0000
2017-04-21,32.1000,32.5906,32.1000,32.3300,24.6942,12790591,0.0000
2017-04-13,31.9000,32.2800,31.7900,32.0700,24.4956,6967059,0.0000
2017-04-07,31.6600,31.9400,31.4500,31.8200,24.3047,8505792,0.0000
2017-03-31,31.2800,31.7000,30.9400,31.6000,24.1367,11481435,0.0000
2017-03-24,31.1000,31.5650,30.8600,31.3500,23.9457,14007888,0.0000
2017-03-17,30.7200,31.4500,30.6000,31.1000,23.7547,11243215,0.1977
2017-03-10,31.7200,31.8000,30.5400,30.7200,23.3163,10454199,0.0000
2017-03-03,32.0900,32.3501,31.5700,31.8600,24.1815,10930470,0.0000
2017-02-24,31.3500,32.0950,31.3400,32.0800,24.3485,11225207,0.0000
2017-02-17,31.3400,31.5500,30.9000,31.4000,23.8324,14188083,0.0000
2017-02-10,30.8700,31.3000,30.6400,31.2800,23.7413,7584510,0.0000
2017-02-03,30.5100,31.0200,30.3200,30.9300,23.4757,9614945,0.0000
2017-01-27,30.8400,31.2500,30.5200,30.6300,23.2480,10208210,0.0000
2017-01-20,30.6700,31.1400,30.6000,30.9000,23.4529,6554319,0.0000
2017-01-13,31.4400,31.4700,30.3900,30.6900,23.2935,8851463,0.0000
2017-01-06,30.8600,31.5500,30.6339,31.4000,23.8324,8466713,0.0000
2016-12-30,30.4000,30.8200,30.1150,30.7500,23.3390,7093594,0.0000
2016-12-23,30.5300,30.9400,30.0058,30.3300,23.0203,8227458,0.0000
2016-12-16,30.8500,31.4800,30.0900,30.4400,23.1037,14971206,0.5513
2016-12-09,29.8300,31.2600,29.7650,30.9700,23.0879,8372422,0.0000
2016-12-02,30.0000,30.5500,29.4100,29.8300,22.2380,10834245,0.0000
2016-11-25,29.7500,30.2300,29.6100,30.0600,22.4095,6608321,0.0000
2016-11-18,29.4100,30.5200,29.2000,29.7100,22.1485,12385519,0.0000
2016-11-11,30.1400,30.7700,29.0735,29.5700,22.0442,18319589,0.0000
2016-11-04,30.6000,30.9800,29.6700,29.9400,22.3200,9889457,0.0000
2016-10-28,31.6500,31.9600,30.3553,30.5300,22.7598,7740730,0.0000
2016-10-21,31.4200,31.8300,31.3500,31.6000,23.5575,10689930,0.0000
2016-10-14,31.0500,31.7299,30.8234,31.4200,23.4233,11266885,0.0000
2016-10-07,32.6600,32.7000,30.6300,31.0400,23.1400,14606401,0.0000
2016-09-30,33.1500,33.4400,32.7300,32.7700,24.4297,15416637,0.0000
2016-09-23,31.9900,33.4500,31.8300,33.3200,24.8398,30756606,0.0000
2016-09-16,32.1500,32.6800,31.6500,31.9100,23.7886,10176994,0.0000
2016-09-09,33.7600,33.9000,32.1200,32.1600,23.9750,1954680,0.1775
2016-09-02,33.1300,33.8900,33.0693,33.5900,24.9104,323231,0.0000
2016-08-26,33.1200,33.6399,32.9000,33.1000,24.5470,233634,0.0000
2016-08-19,34.0900,34.0900,33.1300,33.2400,24.6509,84375,0.0000
2016-08-12,33.9400,34.2400,33.6201,33.8800,25.1255,292679,0.0000
2016-08-05,34.7100,34.8200,33.8200,33.9400,25.1700,398322,0.0000
2016-07-29,34.6500,34.7700,33.9800,34.6780,25.7173,67891,0.0000
2016-07-22,34.2200,34.7200,34.0700,34.6000,25.6595,42524,0.0000
2016-07-15,34.2200,34.4800,33.8600,34.1790,25.3472,1265663,0.0000
2016-07-08,33.6100,34.0000,33.3283,33.9280,25.1611,31857,0.0000
2016-07-01,32.0000,33.8300,31.8850,33.5701,24.8957,36426,0.0000
2016-06-24,32.4900,32.5700,31.8500,32.1600,23.8499,21774,0.0000
2016-06-17,32.3500,32.5200,31.8980,32.1700,23.8574,33358,0.2659
2016-06-10,32.0900,32.3084,31.9000,32.1500,23.6470,15991,0.0000
2016-06-03,32.0100,32.1599,31.6340,32.0443,23.5693,8240,0.0000
2016-05-27,31.4100,32.0200,31.3499,31.9053,23.4671,15754,0.0000
2016-05-20,32.1200,32.4999,30.9852,31.2816,23.0083,20737,0.0000
2016-05-13,32.7800,33.1900,31.9100,32.0210,23.5522,27231,0.0000
2016-05-06,31.1900,32.6680,31.1900,32.5300,23.9265,16531,0.0000
2016-04-29,31.5050,33.1499,31.0895,31.3800,23.0807,27162,0.0000
2016-04-22,32.1300,32.4100,31.0101,31.4601,23.1396,39322,0.0000
2016-04-15,32.0561,32.2040,31.8447,32.1100,23.6176,11657,0.0000
2016-04-08,32.2715,32.2715,31.7202,32.0200,23.5514,10244,0.0000
2016-04-01,31.0100,32.3300,31.0100,32.2270,23.7037,36016,0.0000
2016-03-24,31.6200,31.6200,30.9767,31.1900,22.9409,9828,0.0000
2016-03-18,31.0390,32.0460,30.9601,31.4700,23.1469,144211,0.3030
2016-03-11,30.6100,30.8900,30.1884,30.8900,22.5036,7252,0.0000
2016-03-04,29.6270,30.5300,29.3300,30.4900,22.2122,5771,0.0000
2016-02-26,29.1000,29.5050,28.9100,29.3700,21.3963,4535,0.0000
2016-02-19,27.4900,28.7000,27.4900,28.6600,20.8790,6755,0.0000
2016-02-12,28.1000,28.1000,27.0707,27.4900,20.0267,5003,0.0000
2016-02-05,29.6070,29.8101,29.0465,29.0980,21.1981,7346,0.0000
2016-01-29,29.4800,29.8559,29.0100,29.1900,21.2651,3817,0.0000
2016-01-22,29.5099,29.5099,28.1199,29.4800,21.4764,9745,0.0000
2016-01-15,30.2899,30.2900,29.1460,29.2500,21.3088,11204,0.0000
2016-01-08,30.9800,31.3830,30.0800,30.1100,21.9353,12719,0.0000
2015-12-31,31.0300,31.5900,30.9200,31.1840,22.7178,44415,0.0000
2015-12-24,30.4560,31.0100,30.4000,31.0100,22.5910,5509,0.0000
2015-12-18,30.1000,31.4600,30.0900,30.3500,22.1102,10185,0.3400
2015-12-11,30.6200,30.7600,29.9200,30.1382,21.7126,6303,0.0000
2015-12-04,31.0000,31.2586,30.0100,30.6200,22.0597,16735,0.0000
2015-11-27,30.9700,31.0200,30.4500,30.4500,21.9373,4949,0.0000
2015-11-20,29.5300,30.7700,26.7000,30.7600,22.1606,62550,0.0000
2015-11-13,30.0601,30.2600,29.5560,29.5600,21.2961,211401,0.0000
2015-11-06,30.9500,31.6000,29.9500,29.9500,21.5770,35246,0.0000
2015-10-30,31.0280,31.3300,30.9500,30.9500,22.2975,11253,0.0000
2015-10-23,30.7000,31.4625,30.7000,31.0700,22.3839,11369,0.0000
2015-10-16,30.4199,30.6600,30.0300,30.6420,22.0756,5673,0.0000
